frame_index,host_time_monotonic,elapsed_s,color_frame_number,depth_frame_number,color_timestamp_ms,depth_timestamp_ms,serial
0,1147425.014729,0.588185,4,5,1788314383413.425,1788314383141.766,109622072668
1,1147425.043941,0.617398,5,5,1788314383448.123,1788314383141.766,109622072668
2,1147425.078009,0.651466,6,5,1788314383482.928,1788314383141.766,109622072668
3,1147425.110893,0.684350,7,5,1788314383517.840,1788314383141.766,109622072668
4,1147425.144392,0.717849,8,5,1788314383552.860,1788314383141.766,109622072668
5,1147425.177859,0.751316,9,5,1788314383587.986,1788314383141.766,109622072668
6,1147425.211254,0.784711,10,5,1788314383623.220,1788314383141.766,109622072668
7,1147425.244377,0.817834,11,5,1788314383658.561,1788314383141.766,109622072668
8,1147425.277576,0.851033,12,5,1788314383694.010,1788314383141.766,109622072668
9,1147425.310742,0.884198,13,5,1788314383729.565,1788314383141.766,109622072668
10,1147425.344113,0.917570,14,5,1788314383765.228,1788314383141.766,109622072668
11,1147425.377423,0.950880,15,5,1788314383800.998,1788314383141.766,109622072668
12,1147425.410863,0.984320,16,5,1788314383836.875,1788314383141.766,109622072668
13,1147425.444380,1.017837,17,5,1788314383872.859,1788314383141.766,109622072668
14,1147425.477523,1.050980,18,5,1788314383908.951,1788314383141.766,109622072668
15,1147425.510599,1.084056,19,5,1788314383945.150,1788314383141.766,109622072668
16,1147425.543919,1.117376,20,5,1788314383981.456,1788314383141.766,109622072668
17,1147425.577312,1.150769,21,5,1788314384017.869,1788314383141.766,109622072668
18,1147425.610649,1.184106,22,5,1788314384054.389,1788314383141.766,109622072668
19,1147425.644081,1.217538,23,5,1788314384091.017,1788314383141.766,109622072668
20,1147425.677630,1.251087,24,5,1788314384126.060,1788314383141.766,109622072668
21,1147425.710883,1.284340,25,5,1788314384161.036,1788314383141.766,109622072668
22,1147425.744430,1.317886,26,5,1788314384196.013,1788314383141.766,109622072668
23,1147425.778078,1.351535,27,5,1788314384230.990,1788314383141.766,109622072668
24,1147425.811549,1.385006,28,5,1788314384265.966,1788314383141.766,109622072668
25,1147425.844641,1.418097,29,5,1788314384300.943,1788314383141.766,109622072668
26,1147425.877985,1.451441,30,5,1788314384335.919,1788314383141.766,109622072668
27,1147425.911268,1.484725,31,5,1788314384368.964,1788314383141.766,109622072668
28,1147425.944479,1.517936,32,5,1788314384401.914,1788314383141.766,109622072668
29,1147425.978271,1.551727,33,0,1788314384434.768,1788314384434.751,109622072668
30,1147426.011598,1.585054,34,1,1788314384467.526,1788314384467.510,109622072668
31,1147426.044926,1.618383,35,2,1788314384500.266,1788314384500.249,109622072668
32,1147426.078492,1.651949,36,3,1788314384532.913,1788314384532.897,109622072668
33,1147426.111697,1.685154,37,4,1788314384565.469,1788314384565.452,109622072668
34,1147426.145267,1.718724,38,5,1788314384597.932,1788314384597.915,109622072668
35,1147426.178409,1.751866,39,6,1788314384630.302,1788314384630.286,109622072668
36,1147426.211632,1.785089,40,7,1788314384662.912,1788314384662.896,109622072668
37,1147426.244975,1.818432,41,8,1788314384695.443,1788314384695.427,109622072668
38,1147426.278333,1.851790,42,9,1788314384727.895,1788314384727.878,109622072668
39,1147426.311830,1.885287,43,10,1788314384760.429,1788314384760.412,109622072668
40,1147426.344990,1.918447,44,11,1788314384792.890,1788314384792.873,109622072668
41,1147426.378421,1.951878,45,12,1788314384825.278,1788314384825.262,109622072668
42,1147426.411556,1.985013,46,13,1788314384857.770,1788314384857.754,109622072668
43,1147426.445099,2.018556,47,14,1788314384890.195,1788314384890.179,109622072668
44,1147426.478279,2.051736,48,15,1788314384922.554,1788314384922.538,109622072668
45,1147426.511552,2.085008,49,16,1788314384955.025,1788314384955.008,109622072668
46,1147426.544758,2.118215,50,17,1788314384987.435,1788314384987.418,109622072668
47,1147426.578212,2.151669,51,18,1788314385019.784,1788314385019.767,109622072668
48,1147426.611782,2.185239,52,19,1788314385052.248,1788314385052.231,109622072668
49,1147426.645235,2.218692,53,20,1788314385084.657,1788314385084.640,109622072668
50,1147426.678587,2.252044,54,21,1788314385117.011,1788314385116.995,109622072668
51,1147426.711906,2.285363,55,22,1788314385149.480,1788314385149.463,109622072668
52,1147426.745345,2.318801,56,23,1788314385181.899,1788314385181.882,109622072668
53,1147426.778495,2.351952,57,24,1788314385214.268,1788314385214.252,109622072668
54,1147426.811779,2.385236,58,25,1788314385246.750,1788314385246.734,109622072668
55,1147426.845377,2.418834,59,26,1788314385279.187,1788314385279.171,109622072668
56,1147426.878527,2.451984,60,27,1788314385311.580,1788314385311.563,109622072668
57,1147426.911806,2.485262,61,28,1788314385344.082,1788314385344.065,109622072668
58,1147426.945140,2.518597,62,29,1788314385376.543,1788314385376.526,109622072668
59,1147426.978617,2.552074,63,30,1788314385408.964,1788314385408.948,109622072668
60,1147427.012026,2.585483,64,31,1788314385441.543,1788314385441.527,109622072668
61,1147427.045413,2.618870,65,32,1788314385474.088,1788314385474.072,109622072668
62,1147427.078816,2.652273,66,33,1788314385506.599,1788314385506.583,109622072668
63,1147427.112093,2.685550,67,34,1788314385539.199,1788314385539.183,109622072668
64,1147427.145315,2.718771,68,35,1788314385571.769,1788314385571.752,109622072668
65,1147427.178846,2.752303,69,36,1788314385604.307,1788314385604.290,109622072668
66,1147427.212028,2.785484,70,37,1788314385636.813,1788314385636.797,109622072668
67,1147427.245454,2.818911,71,38,1788314385669.289,1788314385669.272,109622072668
68,1147427.278687,2.852144,72,39,1788314385701.733,1788314385701.717,109622072668
69,1147427.312237,2.885693,73,40,1788314385734.146,1788314385734.129,109622072668
70,1147427.345512,2.918969,74,41,1788314385766.528,1788314385766.511,109622072668
71,1147427.378814,2.952271,75,42,1788314385798.878,1788314385798.862,109622072668
72,1147427.412146,2.985603,76,43,1788314385831.197,1788314385831.181,109622072668
73,1147427.445693,3.019149,77,44,1788314385863.485,1788314385863.469,109622072668
74,1147427.478700,3.052157,78,45,1788314385895.742,1788314385895.725,109622072668
75,1147427.512038,3.085495,79,46,1788314385927.967,1788314385927.950,109622072668
76,1147427.545409,3.118866,80,47,1788314385960.161,1788314385960.145,109622072668
77,1147427.578726,3.152183,81,48,1788314385992.324,1788314385992.307,109622072668
78,1147427.612064,3.185521,82,49,1788314386024.455,1788314386024.439,109622072668
79,1147427.645564,3.219021,83,50,1788314386056.556,1788314386056.539,109622072668
80,1147427.678759,3.252215,84,51,1788314386088.625,1788314386088.608,109622072668
81,1147427.712133,3.285590,85,52,1788314386120.662,1788314386120.646,109622072668
82,1147427.745485,3.318941,86,53,1788314386152.669,1788314386152.653,109622072668
83,1147427.779086,3.352543,87,54,1788314386184.644,1788314386184.628,109622072668
84,1147427.812499,3.385955,88,55,1788314386216.588,1788314386216.572,109622072668
85,1147427.846157,3.419614,89,56,1788314386248.501,1788314386248.485,109622072668
86,1147427.879565,3.453022,90,57,1788314386280.382,1788314386280.366,109622072668
87,1147427.912788,3.486245,91,58,1788314386312.232,1788314386312.216,109622072668
88,1147427.946213,3.519670,92,59,1788314386344.051,1788314386344.035,109622072668
89,1147427.979359,3.552816,93,60,1788314386375.839,1788314386375.823,109622072668
90,1147428.012756,3.586213,94,61,1788314386407.595,1788314386407.579,109622072668
91,1147428.046215,3.619671,95,62,1788314386439.320,1788314386439.304,109622072668
92,1147428.079653,3.653110,96,63,1788314386471.055,1788314386471.038,109622072668
93,1147428.113012,3.686469,97,64,1788314386504.381,1788314386504.364,109622072668
94,1147428.146519,3.719976,98,65,1788314386537.706,1788314386537.689,109622072668
95,1147428.179657,3.753114,99,66,1788314386571.032,1788314386571.015,109622072668
96,1147428.213018,3.786475,100,67,1788314386604.357,1788314386604.340,109622072668
97,1147428.246312,3.819769,101,68,1788314386637.683,1788314386637.666,109622072668
98,1147428.279818,3.853275,102,69,1788314386671.008,1788314386670.990,109622072668
99,1147428.312784,3.886241,103,70,1788314386704.333,1788314386704.315,109622072668
100,1147428.346251,3.919708,104,71,1788314386737.657,1788314386737.640,109622072668
101,1147428.379769,3.953226,105,72,1788314386770.982,1788314386770.965,109622072668
102,1147428.413009,3.986466,106,73,1788314386804.306,1788314386804.289,109622072668
103,1147428.446327,4.019784,107,74,1788314386837.630,1788314386837.613,109622072668
104,1147428.479955,4.053412,108,75,1788314386870.954,1788314386870.937,109622072668
105,1147428.513187,4.086644,109,76,1788314386904.278,1788314386904.261,109622072668
106,1147428.546707,4.120164,110,77,1788314386937.602,1788314386937.585,109622072668
107,1147428.580024,4.153481,111,78,1788314386970.925,1788314386970.908,109622072668
108,1147428.613809,4.187265,112,79,1788314387004.249,1788314387004.232,109622072668
109,1147428.647195,4.220652,113,80,1788314387037.572,1788314387037.555,109622072668
110,1147428.680635,4.254092,114,81,1788314387070.895,1788314387070.878,109622072668
111,1147428.713836,4.287293,115,82,1788314387104.218,1788314387104.201,109622072668
112,1147428.747120,4.320577,116,83,1788314387137.540,1788314387137.523,109622072668
113,1147428.780524,4.353980,117,84,1788314387170.863,1788314387170.846,109622072668
114,1147428.813678,4.387135,118,85,1788314387204.185,1788314387204.168,109622072668
115,1147428.846487,4.419943,119,86,1788314387237.507,1788314387237.490,109622072668
116,1147428.879839,4.453296,120,87,1788314387270.829,1788314387270.812,109622072668
117,1147428.913612,4.487069,121,88,1788314387304.151,1788314387304.134,109622072668
118,1147428.946771,4.520228,122,89,1788314387337.473,1788314387337.456,109622072668
119,1147428.980170,4.553627,123,90,1788314387370.794,1788314387370.777,109622072668
120,1147429.013350,4.586807,124,91,1788314387404.115,1788314387404.099,109622072668
121,1147429.046710,4.620167,125,92,1788314387437.437,1788314387437.420,109622072668
122,1147429.079932,4.653388,126,93,1788314387470.758,1788314387470.741,109622072668
123,1147429.113285,4.686742,127,94,1788314387504.208,1788314387504.191,109622072668
124,1147429.146608,4.720064,128,95,1788314387537.661,1788314387537.644,109622072668
125,1147429.179916,4.753373,129,96,1788314387571.116,1788314387571.100,109622072668
126,1147429.213241,4.786698,130,97,1788314387604.574,1788314387604.557,109622072668
127,1147429.246560,4.820017,131,98,1788314387638.034,1788314387638.017,109622072668
128,1147429.280125,4.853582,132,99,1788314387671.497,1788314387671.479,109622072668
129,1147429.313267,4.886724,133,100,1788314387704.961,1788314387704.944,109622072668
130,1147429.346600,4.920057,134,101,1788314387738.428,1788314387738.411,109622072668
131,1147429.380286,4.953743,135,102,1788314387771.898,1788314387771.881,109622072668
132,1147429.413749,4.987206,136,103,1788314387805.370,1788314387805.353,109622072668
133,1147429.446941,5.020397,137,104,1788314387838.844,1788314387838.827,109622072668
134,1147429.480126,5.053582,138,105,1788314387872.321,1788314387872.304,109622072668
135,1147429.513443,5.086900,139,106,1788314387905.800,1788314387905.783,109622072668
136,1147429.546810,5.120267,140,107,1788314387939.281,1788314387939.264,109622072668
137,1147429.580139,5.153596,141,108,1788314387972.765,1788314387972.748,109622072668
138,1147429.613771,5.187228,142,109,1788314388006.251,1788314388006.234,109622072668
139,1147429.647880,5.221337,143,110,1788314388039.740,1788314388039.722,109622072668
140,1147429.681110,5.254566,144,111,1788314388073.230,1788314388073.213,109622072668
141,1147429.714429,5.287886,145,112,1788314388106.724,1788314388106.707,109622072668
142,1147429.747845,5.321302,146,113,1788314388140.219,1788314388140.202,109622072668
143,1147429.781195,5.354652,147,114,1788314388173.718,1788314388173.700,109622072668
144,1147429.814612,5.388069,148,115,1788314388207.218,1788314388207.201,109622072668
145,1147429.848085,5.421541,149,116,1788314388240.721,1788314388240.704,109622072668
146,1147429.881479,5.454935,150,117,1788314388274.226,1788314388274.209,109622072668
147,1147429.914624,5.488080,151,118,1788314388307.734,1788314388307.717,109622072668
148,1147429.948091,5.521548,152,119,1788314388341.243,1788314388341.226,109622072668
149,1147429.981390,5.554847,153,120,1788314388374.756,1788314388374.739,109622072668
150,1147430.013927,5.587384,154,121,1788314388408.271,1788314388408.253,109622072668
151,1147430.047426,5.620883,155,122,1788314388441.788,1788314388441.771,109622072668
152,1147430.080822,5.654279,156,123,1788314388475.303,1788314388475.286,109622072668
153,1147430.114081,5.687538,157,124,1788314388508.596,1788314388508.579,109622072668
154,1147430.147468,5.720925,158,125,1788314388541.887,1788314388541.870,109622072668
155,1147430.180898,5.754355,159,126,1788314388575.177,1788314388575.160,109622072668
156,1147430.214272,5.787729,160,127,1788314388608.465,1788314388608.448,109622072668
157,1147430.247761,5.821218,161,128,1788314388641.752,1788314388641.735,109622072668
158,1147430.280944,5.854400,162,129,1788314388675.038,1788314388675.021,109622072668
159,1147430.314194,5.887651,163,130,1788314388708.322,1788314388708.305,109622072668
160,1147430.347588,5.921045,164,131,1788314388741.604,1788314388741.587,109622072668
161,1147430.381340,5.954797,165,132,1788314388774.885,1788314388774.868,109622072668
162,1147430.414420,5.987877,166,133,1788314388808.165,1788314388808.148,109622072668
163,1147430.447821,6.021278,167,134,1788314388841.443,1788314388841.427,109622072668
164,1147430.481154,6.054611,168,135,1788314388874.720,1788314388874.703,109622072668
165,1147430.514326,6.087783,169,136,1788314388907.996,1788314388907.979,109622072668
166,1147430.547863,6.121320,170,137,1788314388941.270,1788314388941.252,109622072668
167,1147430.581148,6.154605,171,138,1788314388974.542,1788314388974.525,109622072668
168,1147430.614534,6.187991,172,139,1788314389007.813,1788314389007.796,109622072668
169,1147430.647965,6.221422,173,140,1788314389041.083,1788314389041.066,109622072668
170,1147430.681178,6.254635,174,141,1788314389074.351,1788314389074.334,109622072668
171,1147430.714477,6.287934,175,142,1788314389107.617,1788314389107.600,109622072668
172,1147430.748007,6.321463,176,143,1788314389140.883,1788314389140.866,109622072668
173,1147430.781543,6.355000,177,144,1788314389174.146,1788314389174.129,109622072668
174,1147430.814932,6.388388,178,145,1788314389207.409,1788314389207.392,109622072668
175,1147430.848049,6.421506,179,146,1788314389240.670,1788314389240.653,109622072668
176,1147430.881358,6.454815,180,147,1788314389273.929,1788314389273.912,109622072668
177,1147430.914762,6.488219,181,148,1788314389307.187,1788314389307.170,109622072668
178,1147430.948078,6.521535,182,149,1788314389340.444,1788314389340.427,109622072668
179,1147430.981620,6.555077,183,150,1788314389373.699,1788314389373.682,109622072668
180,1147431.014972,6.588428,184,151,1788314389406.952,1788314389406.936,109622072668
181,1147431.048419,6.621875,185,152,1788314389440.205,1788314389440.188,109622072668
182,1147431.081727,6.655184,186,153,1788314389473.458,1788314389473.441,109622072668
183,1147431.114857,6.688314,187,154,1788314389506.837,1788314389506.820,109622072668
184,1147431.148063,6.721520,188,155,1788314389540.218,1788314389540.201,109622072668
185,1147431.181369,6.754826,189,156,1788314389573.600,1788314389573.583,109622072668
186,1147431.214715,6.788172,190,157,1788314389606.982,1788314389606.965,109622072668
187,1147431.248439,6.821896,191,158,1788314389640.365,1788314389640.348,109622072668
188,1147431.281783,6.855240,192,159,1788314389673.750,1788314389673.733,109622072668
189,1147431.315053,6.888510,193,160,1788314389707.135,1788314389707.118,109622072668
190,1147431.348332,6.921789,194,161,1788314389740.521,1788314389740.504,109622072668
191,1147431.381784,6.955241,195,162,1788314389773.908,1788314389773.891,109622072668
192,1147431.415106,6.988563,196,163,1788314389807.296,1788314389807.279,109622072668
193,1147431.448552,7.022009,197,164,1788314389840.685,1788314389840.667,109622072668
194,1147431.483503,7.056960,198,165,1788314389874.074,1788314389874.057,109622072668
195,1147431.515382,7.088839,199,166,1788314389907.465,1788314389907.448,109622072668
196,1147431.548685,7.122142,200,167,1788314389940.856,1788314389940.839,109622072668
197,1147431.581902,7.155359,201,168,1788314389974.249,1788314389974.232,109622072668
198,1147431.615137,7.188594,202,169,1788314390007.642,1788314390007.625,109622072668
199,1147431.648406,7.221863,203,170,1788314390041.036,1788314390041.020,109622072668
200,1147431.681832,7.255288,204,171,1788314390074.432,1788314390074.415,109622072668
201,1147431.715325,7.288781,205,172,1788314390107.828,1788314390107.811,109622072668
202,1147431.748682,7.322139,206,173,1788314390141.225,1788314390141.208,109622072668
203,1147431.781998,7.355455,207,174,1788314390174.623,1788314390174.605,109622072668
204,1147431.815598,7.389054,208,175,1788314390208.021,1788314390208.004,109622072668
205,1147431.848871,7.422328,209,176,1788314390241.421,1788314390241.404,109622072668
206,1147431.882175,7.455632,210,177,1788314390274.822,1788314390274.805,109622072668
207,1147431.915458,7.488915,211,178,1788314390308.223,1788314390308.206,109622072668
208,1147431.948872,7.522329,212,179,1788314390341.626,1788314390341.609,109622072668
209,1147431.982293,7.555750,213,180,1788314390375.029,1788314390375.012,109622072668
210,1147432.015676,7.589133,214,181,1788314390408.433,1788314390408.416,109622072668
211,1147432.048910,7.622366,215,182,1788314390441.838,1788314390441.822,109622072668
212,1147432.082273,7.655730,216,183,1788314390475.243,1788314390475.226,109622072668
213,1147432.115578,7.689035,217,184,1788314390508.596,1788314390508.579,109622072668
214,1147432.148715,7.722172,218,185,1788314390541.948,1788314390541.931,109622072668
215,1147432.182125,7.755582,219,186,1788314390575.301,1788314390575.284,109622072668
216,1147432.215684,7.789141,220,187,1788314390608.655,1788314390608.637,109622072668
217,1147432.249054,7.822511,221,188,1788314390642.008,1788314390641.991,109622072668
218,1147432.282385,7.855842,222,189,1788314390675.362,1788314390675.344,109622072668
219,1147432.315558,7.889014,223,190,1788314390708.715,1788314390708.698,109622072668
220,1147432.348854,7.922311,224,191,1788314390742.069,1788314390742.052,109622072668
221,1147432.382218,7.955675,225,192,1788314390775.424,1788314390775.407,109622072668
222,1147432.415589,7.989046,226,193,1788314390808.778,1788314390808.761,109622072668
223,1147432.449090,8.022547,227,194,1788314390842.133,1788314390842.116,109622072668
224,1147432.482675,8.056131,228,195,1788314390875.488,1788314390875.471,109622072668
225,1147432.515797,8.089253,229,196,1788314390908.844,1788314390908.827,109622072668
226,1147432.549295,8.122752,230,197,1788314390942.199,1788314390942.182,109622072668
227,1147432.582735,8.156192,231,198,1788314390975.555,1788314390975.538,109622072668
228,1147432.616066,8.189523,232,199,1788314391008.911,1788314391008.894,109622072668
229,1147432.649422,8.222879,233,200,1788314391042.267,1788314391042.250,109622072668
230,1147432.682711,8.256167,234,201,1788314391075.624,1788314391075.607,109622072668
231,1147432.716059,8.289516,235,202,1788314391108.981,1788314391108.964,109622072668
232,1147432.749372,8.322829,236,203,1788314391142.338,1788314391142.321,109622072668
233,1147432.783292,8.356748,237,204,1788314391175.695,1788314391175.678,109622072668
234,1147432.816447,8.389904,238,205,1788314391209.052,1788314391209.036,109622072668
235,1147432.849435,8.422892,239,206,1788314391242.410,1788314391242.393,109622072668
236,1147432.882891,8.456348,240,207,1788314391275.768,1788314391275.751,109622072668
237,1147432.916410,8.489867,241,208,1788314391309.126,1788314391309.110,109622072668
238,1147432.949563,8.523020,242,209,1788314391342.485,1788314391342.468,109622072668
239,1147432.982857,8.556313,243,210,1788314391375.844,1788314391375.827,109622072668
240,1147433.016462,8.589919,244,211,1788314391409.203,1788314391409.186,109622072668
241,1147433.049662,8.623119,245,212,1788314391442.562,1788314391442.545,109622072668
242,1147433.083006,8.656463,246,213,1788314391475.921,1788314391475.904,109622072668
243,1147433.116149,8.689606,247,214,1788314391509.386,1788314391509.369,109622072668
244,1147433.149366,8.722823,248,215,1788314391542.853,1788314391542.836,109622072668
245,1147433.182711,8.756168,249,216,1788314391576.320,1788314391576.303,109622072668
246,1147433.216175,8.789632,250,217,1788314391609.789,1788314391609.772,109622072668
247,1147433.249625,8.823081,251,218,1788314391643.258,1788314391643.241,109622072668
248,1147433.282881,8.856338,252,219,1788314391676.729,1788314391676.712,109622072668
249,1147433.316210,8.889667,253,220,1788314391710.201,1788314391710.184,109622072668
250,1147433.349485,8.922941,254,221,1788314391743.674,1788314391743.657,109622072668
251,1147433.382840,8.956297,255,222,1788314391777.148,1788314391777.131,109622072668
252,1147433.416467,8.989924,256,223,1788314391810.624,1788314391810.606,109622072668
253,1147433.449832,9.023289,257,224,1788314391844.100,1788314391844.083,109622072668
254,1147433.483147,9.056604,258,225,1788314391877.577,1788314391877.561,109622072668
255,1147433.516540,9.089996,259,226,1788314391911.056,1788314391911.039,109622072668
256,1147433.549737,9.123194,260,227,1788314391944.536,1788314391944.519,109622072668
257,1147433.583368,9.156824,261,228,1788314391978.017,1788314391978.000,109622072668
258,1147433.616690,9.190147,262,229,1788314392011.499,1788314392011.482,109622072668
259,1147433.649872,9.223328,263,230,1788314392044.982,1788314392044.965,109622072668
260,1147433.683183,9.256640,264,231,1788314392078.467,1788314392078.449,109622072668
261,1147433.716563,9.290019,265,232,1788314392111.952,1788314392111.935,109622072668
262,1147433.749834,9.323291,266,233,1788314392145.439,1788314392145.422,109622072668
263,1147433.783356,9.356813,267,234,1788314392178.926,1788314392178.909,109622072668
264,1147433.817005,9.390461,268,235,1788314392212.415,1788314392212.398,109622072668
265,1147433.850268,9.423724,269,236,1788314392245.905,1788314392245.888,109622072668
266,1147433.883459,9.456916,270,237,1788314392279.396,1788314392279.379,109622072668
267,1147433.917251,9.490708,271,238,1788314392312.889,1788314392312.872,109622072668
268,1147433.950072,9.523529,272,239,1788314392346.382,1788314392346.365,109622072668
269,1147433.983419,9.556876,273,240,1788314392379.876,1788314392379.859,109622072668
270,1147434.016735,9.590192,274,241,1788314392413.372,1788314392413.355,109622072668
271,1147434.050143,9.623600,275,242,1788314392446.869,1788314392446.852,109622072668
272,1147434.083433,9.656890,276,243,1788314392480.364,1788314392480.347,109622072668
273,1147434.117016,9.690473,277,244,1788314392513.679,1788314392513.662,109622072668
274,1147434.150223,9.723679,278,245,1788314392546.993,1788314392546.976,109622072668
275,1147434.183498,9.756955,279,246,1788314392580.306,1788314392580.289,109622072668
276,1147434.217293,9.790750,280,247,1788314392613.619,1788314392613.602,109622072668
277,1147434.250781,9.824238,281,248,1788314392646.932,1788314392646.915,109622072668
278,1147434.283827,9.857283,282,249,1788314392680.243,1788314392680.226,109622072668
279,1147434.317149,9.890606,283,250,1788314392713.555,1788314392713.538,109622072668
280,1147434.350563,9.924020,284,251,1788314392746.865,1788314392746.848,109622072668
281,1147434.384286,9.957742,285,252,1788314392780.175,1788314392780.158,109622072668
282,1147434.417957,9.991414,286,253,1788314392813.485,1788314392813.468,109622072668
283,1147434.450855,10.024311,287,254,1788314392846.793,1788314392846.776,109622072668
284,1147434.484613,10.058070,288,255,1788314392880.102,1788314392880.085,109622072668
285,1147434.517484,10.090941,289,256,1788314392913.409,1788314392913.392,109622072668
286,1147434.551038,10.124494,290,257,1788314392946.716,1788314392946.699,109622072668
287,1147434.584780,10.158237,291,258,1788314392980.023,1788314392980.006,109622072668
288,1147434.617495,10.190952,292,259,1788314393013.328,1788314393013.312,109622072668
289,1147434.650980,10.224437,293,260,1788314393046.634,1788314393046.617,109622072668
290,1147434.684301,10.257758,294,261,1788314393079.938,1788314393079.921,109622072668
291,1147434.717466,10.290923,295,262,1788314393113.242,1788314393113.225,109622072668
292,1147434.751346,10.324803,296,263,1788314393146.546,1788314393146.529,109622072668
293,1147434.784237,10.357694,297,264,1788314393179.849,1788314393179.832,109622072668
294,1147434.817280,10.390736,298,265,1788314393213.151,1788314393213.134,109622072668
295,1147434.850751,10.424208,299,266,1788314393246.453,1788314393246.436,109622072668
296,1147434.884238,10.457695,300,267,1788314393279.754,1788314393279.737,109622072668
297,1147434.917684,10.491140,301,268,1788314393313.054,1788314393313.037,109622072668
298,1147434.950922,10.524379,302,269,1788314393346.354,1788314393346.337,109622072668
299,1147434.984306,10.557763,303,270,1788314393379.654,1788314393379.636,109622072668
300,1147435.017724,10.591181,304,271,1788314393412.952,1788314393412.935,109622072668
301,1147435.051222,10.624679,305,272,1788314393446.250,1788314393446.233,109622072668
302,1147435.084393,10.657850,306,273,1788314393479.550,1788314393479.532,109622072668
303,1147435.117792,10.691249,307,274,1788314393512.918,1788314393512.901,109622072668
304,1147435.151047,10.724504,308,275,1788314393546.349,1788314393546.332,109622072668
305,1147435.184599,10.758056,309,276,1788314393579.780,1788314393579.763,109622072668
306,1147435.217683,10.791139,310,277,1788314393613.212,1788314393613.195,109622072668
307,1147435.250973,10.824429,311,278,1788314393646.645,1788314393646.628,109622072668
308,1147435.284502,10.857958,312,279,1788314393680.078,1788314393680.061,109622072668
309,1147435.317861,10.891318,313,280,1788314393713.511,1788314393713.494,109622072668
310,1147435.351105,10.924562,314,281,1788314393746.945,1788314393746.928,109622072668
311,1147435.384342,10.957798,315,282,1788314393780.380,1788314393780.363,109622072668
312,1147435.417791,10.991248,316,283,1788314393813.815,1788314393813.798,109622072668
313,1147435.451232,11.024688,317,284,1788314393847.250,1788314393847.234,109622072668
314,1147435.484595,11.058052,318,285,1788314393880.687,1788314393880.670,109622072668
315,1147435.517942,11.091399,319,286,1788314393914.124,1788314393914.106,109622072668
316,1147435.551416,11.124873,320,287,1788314393947.561,1788314393947.544,109622072668
317,1147435.584821,11.158278,321,288,1788314393980.998,1788314393980.981,109622072668
318,1147435.617916,11.191372,322,289,1788314394014.437,1788314394014.420,109622072668
319,1147435.651205,11.224662,323,290,1788314394047.875,1788314394047.858,109622072668
320,1147435.684914,11.258371,324,291,1788314394081.315,1788314394081.298,109622072668
321,1147435.718136,11.291592,325,292,1788314394114.755,1788314394114.738,109622072668
322,1147435.751419,11.324876,326,293,1788314394148.195,1788314394148.178,109622072668
323,1147435.784808,11.358265,327,294,1788314394181.636,1788314394181.619,109622072668
324,1147435.818166,11.391623,328,295,1788314394215.077,1788314394215.060,109622072668
325,1147435.851606,11.425063,329,296,1788314394248.519,1788314394248.502,109622072668
326,1147435.884899,11.458356,330,297,1788314394281.962,1788314394281.945,109622072668
327,1147435.918382,11.491839,331,298,1788314394315.405,1788314394315.388,109622072668
328,1147435.951809,11.525265,332,299,1788314394348.848,1788314394348.831,109622072668
329,1147435.984911,11.558367,333,300,1788314394382.292,1788314394382.275,109622072668
330,1147436.018221,11.591677,334,301,1788314394415.737,1788314394415.720,109622072668
331,1147436.051594,11.625051,335,302,1788314394449.182,1788314394449.165,109622072668
332,1147436.084817,11.658274,336,303,1788314394482.628,1788314394482.611,109622072668
333,1147436.118311,11.691768,337,304,1788314394516.072,1788314394516.055,109622072668
334,1147436.151634,11.725091,338,305,1788314394549.383,1788314394549.366,109622072668
335,1147436.185285,11.758742,339,306,1788314394582.692,1788314394582.675,109622072668
336,1147436.218712,11.792169,340,307,1788314394616.001,1788314394615.985,109622072668
337,1147436.252148,11.825605,341,308,1788314394649.310,1788314394649.293,109622072668
338,1147436.285328,11.858785,342,309,1788314394682.618,1788314394682.601,109622072668
339,1147436.318841,11.892298,343,310,1788314394715.926,1788314394715.909,109622072668
340,1147436.352057,11.925514,344,311,1788314394749.232,1788314394749.216,109622072668
341,1147436.385518,11.958975,345,312,1788314394782.539,1788314394782.522,109622072668
342,1147436.418947,11.992404,346,313,1788314394815.844,1788314394815.827,109622072668
343,1147436.452219,12.025676,347,314,1788314394849.150,1788314394849.133,109622072668
344,1147436.485489,12.058946,348,315,1788314394882.454,1788314394882.437,109622072668
345,1147436.518773,12.092230,349,316,1788314394915.758,1788314394915.741,109622072668
346,1147436.552326,12.125783,350,317,1788314394949.062,1788314394949.045,109622072668
347,1147436.585707,12.159164,351,318,1788314394982.365,1788314394982.348,109622072668
348,1147436.618994,12.192451,352,319,1788314395015.667,1788314395015.650,109622072668
349,1147436.652433,12.225889,353,320,1788314395048.969,1788314395048.952,109622072668
350,1147436.685750,12.259206,354,321,1788314395082.270,1788314395082.253,109622072668
351,1147436.719181,12.292638,355,322,1788314395115.570,1788314395115.553,109622072668
352,1147436.752496,12.325953,356,323,1788314395148.870,1788314395148.853,109622072668
353,1147436.785720,12.359176,357,324,1788314395182.170,1788314395182.153,109622072668
354,1147436.819156,12.392612,358,325,1788314395215.469,1788314395215.452,109622072668
355,1147436.852557,12.426013,359,326,1788314395248.767,1788314395248.750,109622072668
356,1147436.885785,12.459242,360,327,1788314395282.064,1788314395282.048,109622072668
357,1147436.919099,12.492556,361,328,1788314395315.362,1788314395315.345,109622072668
358,1147436.952491,12.525948,362,329,1788314395348.658,1788314395348.641,109622072668
359,1147436.985781,12.559238,363,330,1788314395381.954,1788314395381.937,109622072668
360,1147437.019407,12.592863,364,331,1788314395415.250,1788314395415.233,109622072668
361,1147437.052612,12.626069,365,332,1788314395448.545,1788314395448.528,109622072668
362,1147437.086032,12.659489,366,333,1788314395481.839,1788314395481.822,109622072668
363,1147437.119237,12.692694,367,334,1788314395515.135,1788314395515.117,109622072668
364,1147437.152591,12.726047,368,335,1788314395548.546,1788314395548.529,109622072668
365,1147437.186050,12.759507,369,336,1788314395581.958,1788314395581.941,109622072668
366,1147437.219344,12.792801,370,337,1788314395615.370,1788314395615.353,109622072668
367,1147437.253109,12.826566,371,338,1788314395648.782,1788314395648.765,109622072668
368,1147437.286154,12.859611,372,339,1788314395682.195,1788314395682.178,109622072668
369,1147437.319485,12.892942,373,340,1788314395715.608,1788314395715.591,109622072668
370,1147437.352675,12.926132,374,341,1788314395749.022,1788314395749.005,109622072668
371,1147437.386377,12.959834,375,342,1788314395782.435,1788314395782.418,109622072668
372,1147437.419566,12.993023,376,343,1788314395815.849,1788314395815.832,109622072668
373,1147437.452985,13.026442,377,344,1788314395849.264,1788314395849.247,109622072668
374,1147437.486179,13.059636,378,345,1788314395882.678,1788314395882.661,109622072668
375,1147437.519642,13.093099,379,346,1788314395916.093,1788314395916.076,109622072668
376,1147437.553180,13.126637,380,347,1788314395949.508,1788314395949.491,109622072668
377,1147437.586465,13.159922,381,348,1788314395982.924,1788314395982.906,109622072668
378,1147437.619724,13.193181,382,349,1788314396016.339,1788314396016.322,109622072668
379,1147437.652981,13.226438,383,350,1788314396049.755,1788314396049.738,109622072668
380,1147437.686368,13.259825,384,351,1788314396083.172,1788314396083.155,109622072668
381,1147437.719690,13.293147,385,352,1788314396116.588,1788314396116.571,109622072668
382,1147437.753061,13.326518,386,353,1788314396150.005,1788314396149.988,109622072668
383,1147437.786464,13.359920,387,354,1788314396183.423,1788314396183.406,109622072668
384,1147437.820301,13.393758,388,355,1788314396216.840,1788314396216.823,109622072668
385,1147437.853258,13.426715,389,356,1788314396250.258,1788314396250.241,109622072668
386,1147437.886557,13.460014,390,357,1788314396283.676,1788314396283.659,109622072668
387,1147437.919958,13.493415,391,358,1788314396317.094,1788314396317.077,109622072668
388,1147437.953230,13.526686,392,359,1788314396350.513,1788314396350.496,109622072668
389,1147437.986660,13.560117,393,360,1788314396383.932,1788314396383.915,109622072668
390,1147438.019842,13.593299,394,361,1788314396417.352,1788314396417.334,109622072668
391,1147438.053497,13.626953,395,362,1788314396450.771,1788314396450.754,109622072668
392,1147438.087122,13.660579,396,363,1788314396484.191,1788314396484.174,109622072668
393,1147438.119895,13.693352,397,364,1788314396517.610,1788314396517.593,109622072668
394,1147438.153190,13.726647,398,365,1788314396550.922,1788314396550.905,109622072668
395,1147438.186447,13.759904,399,366,1788314396584.233,1788314396584.217,109622072668
396,1147438.220016,13.793473,400,367,1788314396617.544,1788314396617.527,109622072668
397,1147438.253305,13.826762,401,368,1788314396650.855,1788314396650.838,109622072668
398,1147438.287136,13.860593,402,369,1788314396684.165,1788314396684.148,109622072668
399,1147438.320142,13.893599,403,370,1788314396717.474,1788314396717.457,109622072668
400,1147438.353653,13.927110,404,371,1788314396750.783,1788314396750.766,109622072668
401,1147438.386988,13.960445,405,372,1788314396784.092,1788314396784.075,109622072668
402,1147438.420328,13.993784,406,373,1788314396817.400,1788314396817.383,109622072668
403,1147438.453936,14.027393,407,374,1788314396850.708,1788314396850.691,109622072668
404,1147438.487460,14.060917,408,375,1788314396884.015,1788314396883.998,109622072668
405,1147438.520487,14.093944,409,376,1788314396917.321,1788314396917.304,109622072668
406,1147438.553901,14.127357,410,377,1788314396950.627,1788314396950.611,109622072668
407,1147438.587252,14.160708,411,378,1788314396983.933,1788314396983.916,109622072668
408,1147438.620447,14.193904,412,379,1788314397017.238,1788314397017.221,109622072668
409,1147438.653752,14.227209,413,380,1788314397050.543,1788314397050.526,109622072668
410,1147438.686937,14.260394,414,381,1788314397083.847,1788314397083.830,109622072668
411,1147438.720479,14.293936,415,382,1788314397117.151,1788314397117.134,109622072668
412,1147438.753676,14.327133,416,383,1788314397150.455,1788314397150.438,109622072668
413,1147438.786992,14.360449,417,384,1788314397183.757,1788314397183.740,109622072668
414,1147438.820501,14.393958,418,385,1788314397217.060,1788314397217.043,109622072668
415,1147438.853658,14.427115,419,386,1788314397250.362,1788314397250.344,109622072668
416,1147438.887272,14.460729,420,387,1788314397283.663,1788314397283.646,109622072668
417,1147438.920457,14.493914,421,388,1788314397316.964,1788314397316.947,109622072668
418,1147438.953684,14.527141,422,389,1788314397350.264,1788314397350.247,109622072668
419,1147438.987361,14.560818,423,390,1788314397383.564,1788314397383.547,109622072668
420,1147439.021017,14.594474,424,391,1788314397416.864,1788314397416.847,109622072668
421,1147439.054374,14.627831,425,392,1788314397450.163,1788314397450.146,109622072668
422,1147439.087756,14.661213,426,393,1788314397483.461,1788314397483.445,109622072668
423,1147439.122266,14.695723,427,394,1788314397516.761,1788314397516.744,109622072668
424,1147439.154386,14.727843,428,395,1788314397550.080,1788314397550.063,109622072668
425,1147439.187948,14.761405,429,396,1788314397583.398,1788314397583.381,109622072668
426,1147439.221059,14.794516,430,397,1788314397616.716,1788314397616.699,109622072668
427,1147439.254847,14.828303,431,398,1788314397650.034,1788314397650.017,109622072668
428,1147439.288149,14.861606,432,399,1788314397683.351,1788314397683.334,109622072668
429,1147439.321753,14.895210,433,400,1788314397716.668,1788314397716.651,109622072668
430,1147439.354530,14.927987,434,401,1788314397749.984,1788314397749.968,109622072668
431,1147439.387908,14.961365,435,402,1788314397783.301,1788314397783.284,109622072668
432,1147439.421237,14.994694,436,403,1788314397816.616,1788314397816.599,109622072668
433,1147439.454843,15.028299,437,404,1788314397849.932,1788314397849.915,109622072668
434,1147439.487911,15.061367,438,405,1788314397883.247,1788314397883.230,109622072668
435,1147439.521326,15.094782,439,406,1788314397916.561,1788314397916.544,109622072668
436,1147439.554432,15.127889,440,407,1788314397949.875,1788314397949.859,109622072668
437,1147439.587671,15.161128,441,408,1788314397983.189,1788314397983.172,109622072668
438,1147439.621092,15.194549,442,409,1788314398016.503,1788314398016.486,109622072668
439,1147439.654324,15.227781,443,410,1788314398049.816,1788314398049.799,109622072668
440,1147439.687503,15.260960,444,411,1788314398083.129,1788314398083.112,109622072668
441,1147439.721301,15.294758,445,412,1788314398116.441,1788314398116.424,109622072668
442,1147439.754284,15.327741,446,413,1788314398149.753,1788314398149.736,109622072668
443,1147439.787763,15.361220,447,414,1788314398183.065,1788314398183.048,109622072668
444,1147439.821143,15.394600,448,415,1788314398216.376,1788314398216.359,109622072668
445,1147439.854985,15.428442,449,416,1788314398249.687,1788314398249.670,109622072668
446,1147439.887865,15.461322,450,417,1788314398282.997,1788314398282.980,109622072668
447,1147439.921271,15.494728,451,418,1788314398316.307,1788314398316.291,109622072668
448,1147439.954505,15.527962,452,419,1788314398349.617,1788314398349.600,109622072668
449,1147439.987741,15.561198,453,420,1788314398382.927,1788314398382.910,109622072668
450,1147440.021256,15.594713,454,421,1788314398416.236,1788314398416.219,109622072668
451,1147440.054607,15.628063,455,422,1788314398449.544,1788314398449.527,109622072668
452,1147440.087927,15.661384,456,423,1788314398482.852,1788314398482.835,109622072668
453,1147440.121255,15.694712,457,424,1788314398516.162,1788314398516.145,109622072668
454,1147440.154650,15.728106,458,425,1788314398549.563,1788314398549.547,109622072668
455,1147440.188038,15.761495,459,426,1788314398582.966,1788314398582.949,109622072668
456,1147440.221383,15.794840,460,427,1788314398616.368,1788314398616.351,109622072668
457,1147440.254765,15.828222,461,428,1788314398649.771,1788314398649.754,109622072668
458,1147440.288048,15.861505,462,429,1788314398683.174,1788314398683.157,109622072668
459,1147440.321538,15.894995,463,430,1788314398716.577,1788314398716.560,109622072668
460,1147440.354896,15.928352,464,431,1788314398749.980,1788314398749.963,109622072668
461,1147440.388337,15.961794,465,432,1788314398783.384,1788314398783.366,109622072668
462,1147440.421367,15.994824,466,433,1788314398816.787,1788314398816.770,109622072668
463,1147440.454858,16.028315,467,434,1788314398850.191,1788314398850.174,109622072668
464,1147440.488089,16.061546,468,435,1788314398883.595,1788314398883.578,109622072668
465,1147440.521588,16.095045,469,436,1788314398917.000,1788314398916.983,109622072668
466,1147440.554814,16.128271,470,437,1788314398950.404,1788314398950.387,109622072668
467,1147440.588274,16.161731,471,438,1788314398983.809,1788314398983.792,109622072668
468,1147440.621714,16.195171,472,439,1788314399017.214,1788314399017.197,109622072668
469,1147440.655403,16.228859,473,440,1788314399050.619,1788314399050.602,109622072668
470,1147440.688540,16.261997,474,441,1788314399084.025,1788314399084.008,109622072668
471,1147440.721955,16.295412,475,442,1788314399117.430,1788314399117.413,109622072668
472,1147440.755647,16.329104,476,443,1788314399150.836,1788314399150.819,109622072668
473,1147440.789132,16.362589,477,444,1788314399184.242,1788314399184.225,109622072668
474,1147440.821662,16.395119,478,445,1788314399217.648,1788314399217.631,109622072668
475,1147440.855330,16.428787,479,446,1788314399251.055,1788314399251.038,109622072668
476,1147440.888426,16.461883,480,447,1788314399284.461,1788314399284.445,109622072668
477,1147440.921745,16.495202,481,448,1788314399317.868,1788314399317.851,109622072668
478,1147440.955511,16.528968,482,449,1788314399351.276,1788314399351.259,109622072668
479,1147440.989202,16.562659,483,450,1788314399384.683,1788314399384.666,109622072668
480,1147441.022360,16.595817,484,451,1788314399418.090,1788314399418.073,109622072668
481,1147441.056092,16.629549,485,452,1788314399451.498,1788314399451.481,109622072668
482,1147441.089249,16.662706,486,453,1788314399484.906,1788314399484.889,109622072668
483,1147441.122298,16.695755,487,454,1788314399518.313,1788314399518.296,109622072668
484,1147441.155649,16.729106,488,455,1788314399551.628,1788314399551.611,109622072668
485,1147441.189333,16.762790,489,456,1788314399584.943,1788314399584.926,109622072668
486,1147441.222459,16.795916,490,457,1788314399618.258,1788314399618.241,109622072668
487,1147441.255818,16.829275,491,458,1788314399651.572,1788314399651.555,109622072668
488,1147441.288762,16.862218,492,459,1788314399684.885,1788314399684.868,109622072668
489,1147441.322147,16.895604,493,460,1788314399718.199,1788314399718.182,109622072668
490,1147441.355407,16.928864,494,461,1788314399751.512,1788314399751.495,109622072668
491,1147441.389195,16.962652,495,462,1788314399784.824,1788314399784.807,109622072668
492,1147441.422523,16.995980,496,463,1788314399818.136,1788314399818.119,109622072668
493,1147441.456029,17.029486,497,464,1788314399851.448,1788314399851.431,109622072668
494,1147441.489421,17.062878,498,465,1788314399884.760,1788314399884.743,109622072668
495,1147441.522554,17.096011,499,466,1788314399918.071,1788314399918.053,109622072668
496,1147441.555883,17.129340,500,467,1788314399951.381,1788314399951.364,109622072668
497,1147441.589438,17.162895,501,468,1788314399984.691,1788314399984.674,109622072668
498,1147441.622598,17.196055,502,469,1788314400018.001,1788314400017.984,109622072668
499,1147441.656423,17.229880,503,470,1788314400051.311,1788314400051.294,109622072668
500,1147441.689833,17.263289,504,471,1788314400084.620,1788314400084.603,109622072668
501,1147441.722606,17.296063,505,472,1788314400117.928,1788314400117.912,109622072668
502,1147441.755693,17.329150,506,473,1788314400151.237,1788314400151.220,109622072668
503,1147441.789041,17.362498,507,474,1788314400184.545,1788314400184.528,109622072668
504,1147441.822573,17.396030,508,475,1788314400217.852,1788314400217.835,109622072668
505,1147441.855784,17.429241,509,476,1788314400251.159,1788314400251.143,109622072668
506,1147441.889379,17.462836,510,477,1788314400284.466,1788314400284.449,109622072668
507,1147441.922791,17.496248,511,478,1788314400317.773,1788314400317.756,109622072668
508,1147441.956171,17.529628,512,479,1788314400351.079,1788314400351.062,109622072668
509,1147441.989359,17.562816,513,480,1788314400384.384,1788314400384.367,109622072668
510,1147442.022648,17.596105,514,481,1788314400417.690,1788314400417.673,109622072668
511,1147442.057023,17.630480,515,482,1788314400450.994,1788314400450.978,109622072668
512,1147442.090144,17.663601,516,483,1788314400484.299,1788314400484.282,109622072668
513,1147442.123539,17.696996,517,484,1788314400517.604,1788314400517.587,109622072668
514,1147442.155994,17.729451,518,485,1788314400550.955,1788314400550.938,109622072668
515,1147442.189383,17.762840,519,486,1788314400584.305,1788314400584.288,109622072668
516,1147442.222648,17.796105,520,487,1788314400617.656,1788314400617.639,109622072668
517,1147442.255992,17.829449,521,488,1788314400651.007,1788314400650.990,109622072668
518,1147442.289324,17.862781,522,489,1788314400684.357,1788314400684.340,109622072668
519,1147442.322646,17.896103,523,490,1788314400717.708,1788314400717.691,109622072668
520,1147442.356058,17.929515,524,491,1788314400751.059,1788314400751.042,109622072668
521,1147442.389467,17.962924,525,492,1788314400784.410,1788314400784.394,109622072668
522,1147442.423246,17.996703,526,493,1788314400817.762,1788314400817.745,109622072668
523,1147442.456283,18.029740,527,494,1788314400851.113,1788314400851.096,109622072668
524,1147442.490984,18.064441,528,495,1788314400884.465,1788314400884.448,109622072668
525,1147442.523638,18.097095,529,496,1788314400917.816,1788314400917.799,109622072668
526,1147442.556688,18.130145,530,497,1788314400951.168,1788314400951.151,109622072668
527,1147442.589966,18.163423,531,498,1788314400984.520,1788314400984.503,109622072668
528,1147442.623277,18.196733,532,499,1788314401017.872,1788314401017.855,109622072668
529,1147442.656693,18.230149,533,500,1788314401051.224,1788314401051.207,109622072668
530,1147442.689835,18.263292,534,501,1788314401084.576,1788314401084.559,109622072668
531,1147442.724430,18.297886,535,502,1788314401117.929,1788314401117.912,109622072668
532,1147442.756740,18.330197,536,503,1788314401151.281,1788314401151.264,109622072668
533,1147442.790177,18.363634,537,504,1788314401184.634,1788314401184.617,109622072668
534,1147442.823766,18.397223,538,505,1788314401217.987,1788314401217.969,109622072668
535,1147442.857042,18.430498,539,506,1788314401251.339,1788314401251.323,109622072668
536,1147442.890158,18.463615,540,507,1788314401284.692,1788314401284.675,109622072668
537,1147442.923878,18.497334,541,508,1788314401318.045,1788314401318.029,109622072668
538,1147442.957030,18.530487,542,509,1788314401351.399,1788314401351.382,109622072668
539,1147442.990193,18.563650,543,510,1788314401384.752,1788314401384.735,109622072668
540,1147443.023723,18.597180,544,511,1788314401418.105,1788314401418.088,109622072668
541,1147443.057268,18.630725,545,512,1788314401451.459,1788314401451.442,109622072668
542,1147443.090610,18.664067,546,513,1788314401484.812,1788314401484.796,109622072668
543,1147443.123537,18.696994,547,514,1788314401518.167,1788314401518.149,109622072668
544,1147443.157130,18.730587,548,515,1788314401551.563,1788314401551.546,109622072668
545,1147443.190225,18.763682,549,516,1788314401584.960,1788314401584.943,109622072668
546,1147443.223777,18.797234,550,517,1788314401618.357,1788314401618.340,109622072668
547,1147443.257255,18.830712,551,518,1788314401651.755,1788314401651.738,109622072668
548,1147443.290647,18.864104,552,519,1788314401685.152,1788314401685.135,109622072668
549,1147443.323819,18.897275,553,520,1788314401718.550,1788314401718.532,109622072668
550,1147443.357028,18.930485,554,521,1788314401751.947,1788314401751.930,109622072668
551,1147443.390855,18.964312,555,522,1788314401785.345,1788314401785.328,109622072668
552,1147443.423847,18.997304,556,523,1788314401818.743,1788314401818.726,109622072668
553,1147443.457553,19.031010,557,524,1788314401852.142,1788314401852.125,109622072668
554,1147443.490805,19.064262,558,525,1788314401885.540,1788314401885.523,109622072668
555,1147443.524395,19.097852,559,526,1788314401918.938,1788314401918.921,109622072668
556,1147443.557175,19.130631,560,527,1788314401952.337,1788314401952.320,109622072668
557,1147443.591266,19.164723,561,528,1788314401985.736,1788314401985.719,109622072668
558,1147443.624056,19.197513,562,529,1788314402019.135,1788314402019.118,109622072668
559,1147443.657272,19.230729,563,530,1788314402052.534,1788314402052.517,109622072668
560,1147443.690522,19.263978,564,531,1788314402085.934,1788314402085.917,109622072668
561,1147443.724081,19.297538,565,532,1788314402119.333,1788314402119.316,109622072668
562,1147443.757357,19.330814,566,533,1788314402152.733,1788314402152.716,109622072668
563,1147443.790807,19.364264,567,534,1788314402186.133,1788314402186.116,109622072668
564,1147443.824037,19.397494,568,535,1788314402219.533,1788314402219.516,109622072668
565,1147443.857410,19.430867,569,536,1788314402252.933,1788314402252.916,109622072668
566,1147443.890908,19.464365,570,537,1788314402286.333,1788314402286.316,109622072668
567,1147443.924151,19.497608,571,538,1788314402319.734,1788314402319.717,109622072668
568,1147443.957570,19.531026,572,539,1788314402353.135,1788314402353.118,109622072668
569,1147443.990980,19.564437,573,540,1788314402386.535,1788314402386.518,109622072668
570,1147444.024236,19.597692,574,541,1788314402419.937,1788314402419.919,109622072668
571,1147444.057691,19.631147,575,542,1788314402453.338,1788314402453.321,109622072668
572,1147444.091041,19.664498,576,543,1788314402486.739,1788314402486.722,109622072668
573,1147444.124342,19.697799,577,544,1788314402520.139,1788314402520.123,109622072668
574,1147444.157963,19.731420,578,545,1788314402553.453,1788314402553.437,109622072668
575,1147444.190958,19.764415,579,546,1788314402586.767,1788314402586.750,109622072668
576,1147444.224576,19.798033,580,547,1788314402620.080,1788314402620.063,109622072668
577,1147444.257605,19.831061,581,548,1788314402653.393,1788314402653.376,109622072668
578,1147444.290928,19.864384,582,549,1788314402686.706,1788314402686.689,109622072668
579,1147444.324418,19.897874,583,550,1788314402720.018,1788314402720.001,109622072668
580,1147444.357766,19.931223,584,551,1788314402753.329,1788314402753.312,109622072668
581,1147444.391225,19.964682,585,552,1788314402786.641,1788314402786.624,109622072668
582,1147444.424618,19.998075,586,553,1788314402819.951,1788314402819.935,109622072668
583,1147444.458058,20.031515,587,554,1788314402853.262,1788314402853.245,109622072668
584,1147444.491479,20.064936,588,555,1788314402886.572,1788314402886.555,109622072668
585,1147444.525167,20.098624,589,556,1788314402919.882,1788314402919.865,109622072668
586,1147444.558660,20.132117,590,557,1788314402953.191,1788314402953.174,109622072668
587,1147444.591966,20.165423,591,558,1788314402986.500,1788314402986.483,109622072668
588,1147444.625120,20.198577,592,559,1788314403019.809,1788314403019.792,109622072668
589,1147444.658076,20.231533,593,560,1788314403053.117,1788314403053.100,109622072668
590,1147444.691629,20.265086,594,561,1788314403086.425,1788314403086.408,109622072668
591,1147444.724880,20.298337,595,562,1788314403119.732,1788314403119.715,109622072668
592,1147444.758166,20.331623,596,563,1788314403153.039,1788314403153.022,109622072668
593,1147444.791371,20.364827,597,564,1788314403186.346,1788314403186.329,109622072668
594,1147444.824700,20.398157,598,565,1788314403219.652,1788314403219.635,109622072668
595,1147444.858257,20.431714,599,566,1788314403252.958,1788314403252.941,109622072668
596,1147444.891507,20.464964,600,567,1788314403286.263,1788314403286.246,109622072668
597,1147444.925205,20.498662,601,568,1788314403319.568,1788314403319.552,109622072668
598,1147444.958959,20.532416,602,569,1788314403352.873,1788314403352.856,109622072668
599,1147444.992249,20.565706,603,570,1788314403386.177,1788314403386.160,109622072668
600,1147445.027014,20.600471,604,571,1788314403419.481,1788314403419.464,109622072668
601,1147445.059251,20.632707,605,572,1788314403452.785,1788314403452.768,109622072668
602,1147445.091843,20.665300,606,573,1788314403486.088,1788314403486.071,109622072668
603,1147445.125555,20.699012,607,574,1788314403519.392,1788314403519.375,109622072668
604,1147445.158969,20.732425,608,575,1788314403552.747,1788314403552.730,109622072668
605,1147445.192271,20.765728,609,576,1788314403586.103,1788314403586.086,109622072668
606,1147445.225704,20.799161,610,577,1788314403619.458,1788314403619.441,109622072668
607,1147445.258698,20.832155,611,578,1788314403652.814,1788314403652.797,109622072668
608,1147445.291514,20.864971,612,579,1788314403686.170,1788314403686.153,109622072668
609,1147445.324784,20.898241,613,580,1788314403719.526,1788314403719.509,109622072668
610,1147445.358200,20.931656,614,581,1788314403752.883,1788314403752.866,109622072668
611,1147445.391665,20.965122,615,582,1788314403786.239,1788314403786.222,109622072668
612,1147445.425312,20.998769,616,583,1788314403819.596,1788314403819.579,109622072668
613,1147445.458777,21.032233,617,584,1788314403852.953,1788314403852.936,109622072668
614,1147445.491815,21.065272,618,585,1788314403886.310,1788314403886.292,109622072668
615,1147445.525048,21.098505,619,586,1788314403919.667,1788314403919.650,109622072668
616,1147445.559511,21.132968,620,587,1788314403953.024,1788314403953.007,109622072668
617,1147445.592932,21.166389,621,588,1788314403986.381,1788314403986.365,109622072668
618,1147445.626182,21.199639,622,589,1788314404019.739,1788314404019.722,109622072668
619,1147445.659357,21.232814,623,590,1788314404053.097,1788314404053.080,109622072668
620,1147445.692026,21.265482,624,591,1788314404086.455,1788314404086.438,109622072668
621,1147445.725462,21.298919,625,592,1788314404119.813,1788314404119.796,109622072668
622,1147445.758845,21.332302,626,593,1788314404153.171,1788314404153.154,109622072668
623,1147445.792521,21.365978,627,594,1788314404186.530,1788314404186.513,109622072668
624,1147445.825591,21.399048,628,595,1788314404219.888,1788314404219.872,109622072668
625,1147445.859023,21.432480,629,596,1788314404253.247,1788314404253.230,109622072668
626,1147445.892228,21.465685,630,597,1788314404286.606,1788314404286.589,109622072668
627,1147445.925630,21.499087,631,598,1788314404319.965,1788314404319.948,109622072668
628,1147445.959003,21.532459,632,599,1788314404353.325,1788314404353.308,109622072668
629,1147445.992487,21.565944,633,600,1788314404386.684,1788314404386.667,109622072668
630,1147446.025744,21.599201,634,601,1788314404420.044,1788314404420.027,109622072668
631,1147446.058993,21.632450,635,602,1788314404453.404,1788314404453.387,109622072668
632,1147446.092484,21.665941,636,603,1788314404486.764,1788314404486.747,109622072668
633,1147446.125854,21.699310,637,604,1788314404520.124,1788314404520.107,109622072668
634,1147446.159035,21.732491,638,605,1788314404553.446,1788314404553.429,109622072668
635,1147446.192301,21.765758,639,606,1788314404586.767,1788314404586.750,109622072668
636,1147446.225748,21.799204,640,607,1788314404620.088,1788314404620.071,109622072668
637,1147446.259051,21.832507,641,608,1788314404653.409,1788314404653.392,109622072668
638,1147446.292360,21.865817,642,609,1788314404686.730,1788314404686.713,109622072668
639,1147446.325822,21.899279,643,610,1788314404720.050,1788314404720.033,109622072668
640,1147446.358923,21.932380,644,611,1788314404753.370,1788314404753.353,109622072668
641,1147446.392365,21.965822,645,612,1788314404786.689,1788314404786.672,109622072668
642,1147446.425713,21.999170,646,613,1788314404820.009,1788314404819.991,109622072668
643,1147446.458969,22.032426,647,614,1788314404853.327,1788314404853.311,109622072668
644,1147446.492341,22.065798,648,615,1788314404886.646,1788314404886.629,109622072668
645,1147446.525671,22.099128,649,616,1788314404919.964,1788314404919.948,109622072668
646,1147446.559054,22.132511,650,617,1788314404953.282,1788314404953.265,109622072668
647,1147446.592415,22.165872,651,618,1788314404986.600,1788314404986.583,109622072668
648,1147446.626247,22.199704,652,619,1788314405019.917,1788314405019.900,109622072668
649,1147446.659322,22.232779,653,620,1788314405053.234,1788314405053.217,109622072668
650,1147446.692623,22.266079,654,621,1788314405086.551,1788314405086.534,109622072668
651,1147446.725943,22.299400,655,622,1788314405119.867,1788314405119.850,109622072668
652,1147446.759240,22.332697,656,623,1788314405153.183,1788314405153.167,109622072668
653,1147446.792729,22.366186,657,624,1788314405186.499,1788314405186.482,109622072668
654,1147446.825936,22.399392,658,625,1788314405219.815,1788314405219.798,109622072668
655,1147446.859384,22.432841,659,626,1788314405253.130,1788314405253.113,109622072668
656,1147446.892580,22.466037,660,627,1788314405286.444,1788314405286.427,109622072668
657,1147446.926036,22.499493,661,628,1788314405319.759,1788314405319.742,109622072668
658,1147446.959376,22.532833,662,629,1788314405353.073,1788314405353.056,109622072668
659,1147446.992731,22.566187,663,630,1788314405386.387,1788314405386.370,109622072668
660,1147447.026269,22.599726,664,631,1788314405419.700,1788314405419.683,109622072668
661,1147447.059542,22.632999,665,632,1788314405453.013,1788314405452.997,109622072668
662,1147447.092906,22.666363,666,633,1788314405486.326,1788314405486.309,109622072668
663,1147447.126844,22.700301,667,634,1788314405519.640,1788314405519.623,109622072668
664,1147447.159741,22.733198,668,635,1788314405552.960,1788314405552.943,109622072668
665,1147447.193044,22.766500,669,636,1788314405586.281,1788314405586.263,109622072668
666,1147447.226199,22.799656,670,637,1788314405619.600,1788314405619.583,109622072668
667,1147447.259601,22.833057,671,638,1788314405652.920,1788314405652.903,109622072668
668,1147447.293026,22.866483,672,639,1788314405686.239,1788314405686.222,109622072668
669,1147447.326439,22.899896,673,640,1788314405719.558,1788314405719.541,109622072668
670,1147447.359617,22.933074,674,641,1788314405752.876,1788314405752.859,109622072668
671,1147447.393013,22.966470,675,642,1788314405786.194,1788314405786.177,109622072668
672,1147447.426571,23.000027,676,643,1788314405819.512,1788314405819.495,109622072668
673,1147447.460023,23.033480,677,644,1788314405852.830,1788314405852.813,109622072668
674,1147447.493462,23.066919,678,645,1788314405886.147,1788314405886.130,109622072668
675,1147447.526877,23.100333,679,646,1788314405919.464,1788314405919.447,109622072668
676,1147447.560065,23.133522,680,647,1788314405952.780,1788314405952.763,109622072668
677,1147447.593493,23.166950,681,648,1788314405986.096,1788314405986.079,109622072668
678,1147447.626835,23.200292,682,649,1788314406019.412,1788314406019.395,109622072668
679,1147447.660218,23.233675,683,650,1788314406052.728,1788314406052.711,109622072668
680,1147447.693526,23.266983,684,651,1788314406086.043,1788314406086.026,109622072668
681,1147447.726750,23.300207,685,652,1788314406119.358,1788314406119.341,109622072668
682,1147447.760835,23.334292,686,653,1788314406152.672,1788314406152.656,109622072668
683,1147447.794332,23.367789,687,654,1788314406185.987,1788314406185.970,109622072668
684,1147447.827815,23.401272,688,655,1788314406219.301,1788314406219.283,109622072668
685,1147447.860716,23.434173,689,656,1788314406252.614,1788314406252.597,109622072668
686,1147447.893628,23.467085,690,657,1788314406285.927,1788314406285.910,109622072668
687,1147447.926796,23.500253,691,658,1788314406319.240,1788314406319.223,109622072668
688,1147447.960285,23.533742,692,659,1788314406352.553,1788314406352.536,109622072668
689,1147447.994416,23.567873,693,660,1788314406385.865,1788314406385.848,109622072668
690,1147448.027314,23.600770,694,661,1788314406419.177,1788314406419.160,109622072668
691,1147448.060531,23.633988,695,662,1788314406452.489,1788314406452.471,109622072668
692,1147448.094090,23.667547,696,663,1788314406485.800,1788314406485.783,109622072668
693,1147448.127126,23.700582,697,664,1788314406519.112,1788314406519.094,109622072668
694,1147448.160713,23.734170,698,665,1788314406552.460,1788314406552.443,109622072668
695,1147448.194103,23.767560,699,666,1788314406585.856,1788314406585.839,109622072668
696,1147448.227400,23.800857,700,667,1788314406619.253,1788314406619.236,109622072668
697,1147448.260672,23.834128,701,668,1788314406652.650,1788314406652.633,109622072668
698,1147448.293814,23.867271,702,669,1788314406686.047,1788314406686.030,109622072668
699,1147448.327225,23.900682,703,670,1788314406719.445,1788314406719.427,109622072668
700,1147448.360468,23.933925,704,671,1788314406752.842,1788314406752.825,109622072668
701,1147448.393737,23.967193,705,672,1788314406786.240,1788314406786.222,109622072668
702,1147448.427083,24.000540,706,673,1788314406819.637,1788314406819.620,109622072668
703,1147448.460618,24.034075,707,674,1788314406853.035,1788314406853.018,109622072668
704,1147448.493919,24.067376,708,675,1788314406886.433,1788314406886.416,109622072668
705,1147448.527275,24.100732,709,676,1788314406919.831,1788314406919.814,109622072668
706,1147448.560517,24.133974,710,677,1788314406953.230,1788314406953.213,109622072668
707,1147448.594175,24.167632,711,678,1788314406986.628,1788314406986.611,109622072668
708,1147448.627630,24.201087,712,679,1788314407020.027,1788314407020.010,109622072668
709,1147448.660977,24.234434,713,680,1788314407053.426,1788314407053.409,109622072668
710,1147448.694239,24.267696,714,681,1788314407086.825,1788314407086.808,109622072668
711,1147448.727669,24.301125,715,682,1788314407120.224,1788314407120.207,109622072668
712,1147448.760843,24.334299,716,683,1788314407153.623,1788314407153.606,109622072668
713,1147448.794265,24.367721,717,684,1788314407187.023,1788314407187.006,109622072668
714,1147448.827504,24.400961,718,685,1788314407220.423,1788314407220.406,109622072668
715,1147448.861269,24.434726,719,686,1788314407253.822,1788314407253.805,109622072668
716,1147448.894609,24.468066,720,687,1788314407287.222,1788314407287.205,109622072668
717,1147448.928228,24.501685,721,688,1788314407320.623,1788314407320.605,109622072668
718,1147448.960896,24.534353,722,689,1788314407354.023,1788314407354.006,109622072668
719,1147448.994345,24.567802,723,690,1788314407387.423,1788314407387.406,109622072668
720,1147449.027808,24.601265,724,691,1788314407420.824,1788314407420.807,109622072668
721,1147449.061497,24.634954,725,692,1788314407454.225,1788314407454.208,109622072668
722,1147449.094735,24.668192,726,693,1788314407487.625,1788314407487.609,109622072668
723,1147449.127879,24.701336,727,694,1788314407521.027,1788314407521.010,109622072668
724,1147449.161036,24.734493,728,695,1788314407554.427,1788314407554.410,109622072668
725,1147449.194719,24.768176,729,696,1788314407587.783,1788314407587.767,109622072668
726,1147449.227847,24.801304,730,697,1788314407621.140,1788314407621.124,109622072668
727,1147449.261169,24.834625,731,698,1788314407654.498,1788314407654.481,109622072668
728,1147449.294761,24.868218,732,699,1788314407687.855,1788314407687.838,109622072668
729,1147449.328072,24.901529,733,700,1788314407721.212,1788314407721.196,109622072668
730,1147449.361411,24.934868,734,701,1788314407754.570,1788314407754.553,109622072668
731,1147449.394780,24.968237,735,702,1788314407787.928,1788314407787.911,109622072668
732,1147449.428066,25.001523,736,703,1788314407821.286,1788314407821.269,109622072668
733,1147449.461624,25.035081,737,704,1788314407854.644,1788314407854.627,109622072668
734,1147449.494922,25.068379,738,705,1788314407888.003,1788314407887.986,109622072668
735,1147449.528139,25.101595,739,706,1788314407921.361,1788314407921.344,109622072668
736,1147449.561778,25.135234,740,707,1788314407954.720,1788314407954.703,109622072668
737,1147449.595069,25.168526,741,708,1788314407988.079,1788314407988.062,109622072668
738,1147449.628337,25.201793,742,709,1788314408021.438,1788314408021.421,109622072668
739,1147449.661631,25.235087,743,710,1788314408054.797,1788314408054.780,109622072668
740,1147449.695147,25.268603,744,711,1788314408088.157,1788314408088.140,109622072668
741,1147449.728385,25.301842,745,712,1788314408121.517,1788314408121.500,109622072668
742,1147449.761651,25.335108,746,713,1788314408154.876,1788314408154.859,109622072668
743,1147449.794996,25.368453,747,714,1788314408188.236,1788314408188.219,109622072668
744,1147449.828558,25.402015,748,715,1788314408221.597,1788314408221.580,109622072668
745,1147449.861906,25.435363,749,716,1788314408254.957,1788314408254.940,109622072668
746,1147449.895169,25.468626,750,717,1788314408288.318,1788314408288.301,109622072668
747,1147449.928517,25.501974,751,718,1788314408321.678,1788314408321.661,109622072668
748,1147449.961820,25.535277,752,719,1788314408355.039,1788314408355.022,109622072668
749,1147449.995208,25.568665,753,720,1788314408388.400,1788314408388.383,109622072668
750,1147450.028503,25.601959,754,721,1788314408421.761,1788314408421.745,109622072668
751,1147450.062035,25.635492,755,722,1788314408455.123,1788314408455.106,109622072668
752,1147450.095870,25.669327,756,723,1788314408488.485,1788314408488.468,109622072668
753,1147450.129072,25.702529,757,724,1788314408521.846,1788314408521.830,109622072668
754,1147450.162049,25.735506,758,725,1788314408555.208,1788314408555.191,109622072668
755,1147450.195495,25.768952,759,726,1788314408588.529,1788314408588.512,109622072668
756,1147450.229499,25.802956,760,727,1788314408621.849,1788314408621.832,109622072668
757,1147450.262227,25.835684,761,728,1788314408655.169,1788314408655.152,109622072668
758,1147450.295703,25.869160,762,729,1788314408688.489,1788314408688.471,109622072668
759,1147450.328955,25.902412,763,730,1788314408721.808,1788314408721.791,109622072668
760,1147450.362385,25.935842,764,731,1788314408755.127,1788314408755.110,109622072668
761,1147450.395579,25.969036,765,732,1788314408788.445,1788314408788.428,109622072668
762,1147450.428901,26.002358,766,733,1788314408821.763,1788314408821.747,109622072668
763,1147450.462292,26.035749,767,734,1788314408855.082,1788314408855.064,109622072668
764,1147450.495683,26.069139,768,735,1788314408888.399,1788314408888.382,109622072668
765,1147450.529776,26.103233,769,736,1788314408921.716,1788314408921.699,109622072668
766,1147450.562846,26.136303,770,737,1788314408955.033,1788314408955.016,109622072668
767,1147450.596006,26.169462,771,738,1788314408988.350,1788314408988.333,109622072668
768,1147450.629665,26.203122,772,739,1788314409021.666,1788314409021.649,109622072668
769,1147450.662966,26.236423,773,740,1788314409054.982,1788314409054.965,109622072668
770,1147450.696599,26.270056,774,741,1788314409088.298,1788314409088.281,109622072668
771,1147450.729223,26.302680,775,742,1788314409121.613,1788314409121.596,109622072668
772,1147450.762461,26.335917,776,743,1788314409154.928,1788314409154.911,109622072668
773,1147450.795779,26.369236,777,744,1788314409188.243,1788314409188.226,109622072668
774,1147450.828915,26.402372,778,745,1788314409221.557,1788314409221.540,109622072668
775,1147450.862387,26.435844,779,746,1788314409254.871,1788314409254.854,109622072668
776,1147450.895910,26.469367,780,747,1788314409288.185,1788314409288.168,109622072668
777,1147450.929212,26.502669,781,748,1788314409321.498,1788314409321.481,109622072668
778,1147450.962577,26.536034,782,749,1788314409354.811,1788314409354.794,109622072668
779,1147450.995938,26.569395,783,750,1788314409388.124,1788314409388.107,109622072668
780,1147451.029434,26.602891,784,751,1788314409421.436,1788314409421.419,109622072668
781,1147451.063618,26.637075,785,752,1788314409454.748,1788314409454.731,109622072668
782,1147451.096859,26.670316,786,753,1788314409488.060,1788314409488.043,109622072668
783,1147451.130386,26.703843,787,754,1788314409521.371,1788314409521.354,109622072668
784,1147451.163531,26.736987,788,755,1788314409554.683,1788314409554.666,109622072668
785,1147451.196874,26.770331,789,756,1788314409588.046,1788314409588.029,109622072668
786,1147451.230231,26.803688,790,757,1788314409621.409,1788314409621.392,109622072668
787,1147451.263357,26.836814,791,758,1788314409654.772,1788314409654.755,109622072668
788,1147451.296384,26.869841,792,759,1788314409688.135,1788314409688.118,109622072668
789,1147451.329967,26.903424,793,760,1788314409721.499,1788314409721.481,109622072668
790,1147451.362953,26.936410,794,761,1788314409754.862,1788314409754.845,109622072668
791,1147451.396447,26.969904,795,762,1788314409788.226,1788314409788.209,109622072668
792,1147451.429794,27.003251,796,763,1788314409821.590,1788314409821.573,109622072668
793,1147451.463250,27.036707,797,764,1788314409854.955,1788314409854.938,109622072668
794,1147451.496502,27.069959,798,765,1788314409888.320,1788314409888.302,109622072668
795,1147451.529779,27.103236,799,766,1788314409921.685,1788314409921.667,109622072668
796,1147451.563884,27.137341,800,767,1788314409955.050,1788314409955.032,109622072668
797,1147451.597167,27.170624,801,768,1788314409988.415,1788314409988.398,109622072668
798,1147451.630473,27.203929,802,769,1788314410021.781,1788314410021.763,109622072668
799,1147451.663765,27.237221,803,770,1788314410055.146,1788314410055.129,109622072668
800,1147451.696612,27.270068,804,771,1788314410088.512,1788314410088.495,109622072668
801,1147451.730114,27.303571,805,772,1788314410121.879,1788314410121.862,109622072668
802,1147451.763662,27.337118,806,773,1788314410155.245,1788314410155.228,109622072668
803,1147451.796686,27.370143,807,774,1788314410188.612,1788314410188.595,109622072668
804,1147451.829933,27.403390,808,775,1788314410221.979,1788314410221.962,109622072668
805,1147451.863301,27.436757,809,776,1788314410255.346,1788314410255.329,109622072668
806,1147451.897138,27.470595,810,777,1788314410288.714,1788314410288.697,109622072668
807,1147451.930343,27.503800,811,778,1788314410322.081,1788314410322.064,109622072668
808,1147451.963670,27.537127,812,779,1788314410355.449,1788314410355.432,109622072668
809,1147451.996724,27.570181,813,780,1788314410388.817,1788314410388.800,109622072668
810,1147452.029985,27.603441,814,781,1788314410422.186,1788314410422.169,109622072668
811,1147452.063643,27.637100,815,782,1788314410455.554,1788314410455.537,109622072668
812,1147452.096787,27.670244,816,783,1788314410488.923,1788314410488.906,109622072668
813,1147452.130290,27.703747,817,784,1788314410522.292,1788314410522.275,109622072668
814,1147452.163576,27.737033,818,785,1788314410555.661,1788314410555.644,109622072668
815,1147452.197046,27.770503,819,786,1788314410588.989,1788314410588.972,109622072668
816,1147452.230441,27.803898,820,787,1788314410622.316,1788314410622.300,109622072668
817,1147452.264461,27.837918,821,788,1788314410655.644,1788314410655.627,109622072668
818,1147452.296954,27.870411,822,789,1788314410688.971,1788314410688.954,109622072668
819,1147452.330608,27.904064,823,790,1788314410722.298,1788314410722.281,109622072668
820,1147452.363810,27.937267,824,791,1788314410755.624,1788314410755.607,109622072668
821,1147452.397158,27.970615,825,792,1788314410788.951,1788314410788.934,109622072668
822,1147452.430839,28.004296,826,793,1788314410822.277,1788314410822.260,109622072668
823,1147452.464011,28.037467,827,794,1788314410855.603,1788314410855.585,109622072668
824,1147452.497874,28.071331,828,795,1788314410888.928,1788314410888.911,109622072668
825,1147452.531265,28.104722,829,796,1788314410922.253,1788314410922.236,109622072668
826,1147452.564568,28.138025,830,797,1788314410955.578,1788314410955.561,109622072668
827,1147452.597912,28.171369,831,798,1788314410988.903,1788314410988.886,109622072668
828,1147452.631444,28.204901,832,799,1788314411022.228,1788314411022.210,109622072668
829,1147452.665016,28.238472,833,800,1788314411055.552,1788314411055.535,109622072668
830,1147452.697990,28.271447,834,801,1788314411088.876,1788314411088.859,109622072668
831,1147452.730416,28.303873,835,802,1788314411122.199,1788314411122.182,109622072668
832,1147452.763673,28.337129,836,803,1788314411155.523,1788314411155.506,109622072668
833,1147452.797126,28.370583,837,804,1788314411188.846,1788314411188.829,109622072668
834,1147452.830383,28.403840,838,805,1788314411222.169,1788314411222.152,109622072668
835,1147452.863809,28.437266,839,806,1788314411255.491,1788314411255.475,109622072668
836,1147452.897085,28.470542,840,807,1788314411288.814,1788314411288.797,109622072668
837,1147452.930458,28.503915,841,808,1788314411322.136,1788314411322.119,109622072668
838,1147452.963810,28.537267,842,809,1788314411355.458,1788314411355.441,109622072668
839,1147452.997213,28.570670,843,810,1788314411388.779,1788314411388.762,109622072668
840,1147453.030759,28.604216,844,811,1788314411422.101,1788314411422.084,109622072668
841,1147453.063960,28.637417,845,812,1788314411455.422,1788314411455.405,109622072668
842,1147453.097193,28.670650,846,813,1788314411488.742,1788314411488.726,109622072668
843,1147453.130621,28.704078,847,814,1788314411522.063,1788314411522.046,109622072668
844,1147453.163829,28.737285,848,815,1788314411555.384,1788314411555.367,109622072668
845,1147453.197370,28.770826,849,816,1788314411588.828,1788314411588.811,109622072668
846,1147453.231293,28.804750,850,817,1788314411622.272,1788314411622.256,109622072668
847,1147453.264969,28.838426,851,818,1788314411655.718,1788314411655.701,109622072668
848,1147453.298390,28.871847,852,819,1788314411689.164,1788314411689.147,109622072668
849,1147453.331658,28.905114,853,820,1788314411722.611,1788314411722.594,109622072668
850,1147453.364376,28.937833,854,821,1788314411756.059,1788314411756.042,109622072668
851,1147453.397652,28.971109,855,822,1788314411789.507,1788314411789.490,109622072668
852,1147453.431728,29.005185,856,823,1788314411822.957,1788314411822.939,109622072668
853,1147453.465196,29.038653,857,824,1788314411856.406,1788314411856.389,109622072668
854,1147453.498407,29.071864,858,825,1788314411889.857,1788314411889.840,109622072668
855,1147453.531576,29.105033,859,826,1788314411923.309,1788314411923.292,109622072668
856,1147453.564954,29.138411,860,827,1788314411956.761,1788314411956.744,109622072668
857,1147453.598507,29.171964,861,828,1788314411990.214,1788314411990.197,109622072668
858,1147453.631705,29.205162,862,829,1788314412023.668,1788314412023.651,109622072668
859,1147453.665100,29.238557,863,830,1788314412057.123,1788314412057.105,109622072668
860,1147453.698458,29.271914,864,831,1788314412090.578,1788314412090.561,109622072668
861,1147453.731643,29.305100,865,832,1788314412124.034,1788314412124.017,109622072668
862,1147453.764862,29.338319,866,833,1788314412157.491,1788314412157.474,109622072668
863,1147453.798154,29.371611,867,834,1788314412190.948,1788314412190.931,109622072668
864,1147453.831453,29.404910,868,835,1788314412224.407,1788314412224.390,109622072668
865,1147453.864681,29.438138,869,836,1788314412257.866,1788314412257.849,109622072668
866,1147453.897958,29.471415,870,837,1788314412291.326,1788314412291.309,109622072668
867,1147453.931302,29.504759,871,838,1788314412324.787,1788314412324.770,109622072668
868,1147453.964593,29.538050,872,839,1788314412358.248,1788314412358.231,109622072668
869,1147453.997857,29.571314,873,840,1788314412391.710,1788314412391.693,109622072668
870,1147454.031270,29.604727,874,841,1788314412425.173,1788314412425.156,109622072668
871,1147454.064777,29.638234,875,842,1788314412458.637,1788314412458.620,109622072668
872,1147454.098198,29.671655,876,843,1788314412492.102,1788314412492.085,109622072668
873,1147454.131573,29.705029,877,844,1788314412525.567,1788314412525.550,109622072668
874,1147454.164947,29.738404,878,845,1788314412559.031,1788314412559.013,109622072668
875,1147454.198384,29.771841,879,846,1788314412592.358,1788314412592.341,109622072668
876,1147454.231766,29.805223,880,847,1788314412625.686,1788314412625.669,109622072668
877,1147454.265042,29.838499,881,848,1788314412659.013,1788314412658.997,109622072668
878,1147454.298423,29.871880,882,849,1788314412692.341,1788314412692.323,109622072668
879,1147454.332037,29.905494,883,850,1788314412725.667,1788314412725.650,109622072668
880,1147454.365124,29.938580,884,851,1788314412758.994,1788314412758.977,109622072668
881,1147454.398321,29.971778,885,852,1788314412792.321,1788314412792.303,109622072668
882,1147454.431645,30.005102,886,853,1788314412825.646,1788314412825.630,109622072668
883,1147454.465238,30.038695,887,854,1788314412858.972,1788314412858.955,109622072668
884,1147454.499053,30.072510,888,855,1788314412892.298,1788314412892.281,109622072668
885,1147454.531884,30.105341,889,856,1788314412925.623,1788314412925.606,109622072668
886,1147454.565162,30.138619,890,857,1788314412958.948,1788314412958.931,109622072668
887,1147454.598614,30.172071,891,858,1788314412992.273,1788314412992.256,109622072668
888,1147454.632019,30.205476,892,859,1788314413025.598,1788314413025.581,109622072668
889,1147454.665609,30.239066,893,860,1788314413058.922,1788314413058.905,109622072668
890,1147454.698759,30.272216,894,861,1788314413092.246,1788314413092.229,109622072668
891,1147454.732021,30.305478,895,862,1788314413125.570,1788314413125.553,109622072668
892,1147454.765343,30.338800,896,863,1788314413158.893,1788314413158.876,109622072668
893,1147454.798887,30.372344,897,864,1788314413192.216,1788314413192.199,109622072668
894,1147454.832013,30.405470,898,865,1788314413225.539,1788314413225.522,109622072668
895,1147454.865521,30.438978,899,866,1788314413258.862,1788314413258.845,109622072668
896,1147454.898758,30.472215,900,867,1788314413292.184,1788314413292.167,109622072668
897,1147454.932034,30.505491,901,868,1788314413325.507,1788314413325.490,109622072668
898,1147454.965332,30.538789,902,869,1788314413358.828,1788314413358.812,109622072668
899,1147454.998920,30.572377,903,870,1788314413392.150,1788314413392.133,109622072668
900,1147455.032454,30.605910,904,871,1788314413425.471,1788314413425.454,109622072668
901,1147455.066233,30.639690,905,872,1788314413458.792,1788314413458.776,109622072668
902,1147455.099460,30.672917,906,873,1788314413492.113,1788314413492.096,109622072668
903,1147455.132767,30.706224,907,874,1788314413525.434,1788314413525.417,109622072668
904,1147455.166129,30.739586,908,875,1788314413558.755,1788314413558.738,109622072668
905,1147455.199124,30.772580,909,876,1788314413592.083,1788314413592.066,109622072668
906,1147455.232431,30.805888,910,877,1788314413625.411,1788314413625.394,109622072668
907,1147455.265752,30.839208,911,878,1788314413658.738,1788314413658.721,109622072668
908,1147455.298936,30.872393,912,879,1788314413692.065,1788314413692.048,109622072668
909,1147455.332384,30.905841,913,880,1788314413725.392,1788314413725.375,109622072668
910,1147455.365709,30.939166,914,881,1788314413758.719,1788314413758.702,109622072668
911,1147455.399112,30.972569,915,882,1788314413792.045,1788314413792.028,109622072668
912,1147455.432481,31.005937,916,883,1788314413825.371,1788314413825.354,109622072668
913,1147455.465769,31.039226,917,884,1788314413858.697,1788314413858.680,109622072668
914,1147455.499116,31.072573,918,885,1788314413892.023,1788314413892.006,109622072668
915,1147455.532527,31.105984,919,886,1788314413925.348,1788314413925.331,109622072668
916,1147455.565796,31.139253,920,887,1788314413958.673,1788314413958.656,109622072668
917,1147455.599268,31.172724,921,888,1788314413991.998,1788314413991.981,109622072668
918,1147455.632669,31.206126,922,889,1788314414025.323,1788314414025.305,109622072668
919,1147455.666131,31.239588,923,890,1788314414058.647,1788314414058.630,109622072668
920,1147455.699296,31.272753,924,891,1788314414091.971,1788314414091.954,109622072668
921,1147455.732626,31.306083,925,892,1788314414125.294,1788314414125.277,109622072668
922,1147455.765862,31.339319,926,893,1788314414158.618,1788314414158.601,109622072668
923,1147455.799370,31.372827,927,894,1788314414191.941,1788314414191.924,109622072668
924,1147455.832639,31.406096,928,895,1788314414225.264,1788314414225.247,109622072668
925,1147455.866280,31.439737,929,896,1788314414258.587,1788314414258.570,109622072668
926,1147455.899584,31.473040,930,897,1788314414291.909,1788314414291.892,109622072668
927,1147455.933238,31.506694,931,898,1788314414325.231,1788314414325.214,109622072668
928,1147455.966634,31.540091,932,899,1788314414358.553,1788314414358.536,109622072668
929,1147455.999942,31.573399,933,900,1788314414391.875,1788314414391.858,109622072668
930,1147456.033261,31.606718,934,901,1788314414425.196,1788314414425.179,109622072668
931,1147456.066238,31.639695,935,902,1788314414458.517,1788314414458.500,109622072668
932,1147456.099949,31.673405,936,903,1788314414491.838,1788314414491.821,109622072668
933,1147456.133132,31.706589,937,904,1788314414525.159,1788314414525.142,109622072668
934,1147456.166449,31.739906,938,905,1788314414558.480,1788314414558.463,109622072668
935,1147456.199732,31.773189,939,906,1788314414591.925,1788314414591.908,109622072668
936,1147456.233351,31.806808,940,907,1788314414625.371,1788314414625.354,109622072668
937,1147456.267045,31.840502,941,908,1788314414658.817,1788314414658.800,109622072668
938,1147456.300315,31.873772,942,909,1788314414692.265,1788314414692.248,109622072668
939,1147456.333470,31.906927,943,910,1788314414725.713,1788314414725.696,109622072668
940,1147456.366692,31.940148,944,911,1788314414759.162,1788314414759.145,109622072668
941,1147456.400058,31.973515,945,912,1788314414792.612,1788314414792.594,109622072668
942,1147456.433311,32.006768,946,913,1788314414826.062,1788314414826.045,109622072668
943,1147456.466658,32.040115,947,914,1788314414859.513,1788314414859.496,109622072668
944,1147456.501820,32.075277,948,915,1788314414892.965,1788314414892.948,109622072668
945,1147456.533583,32.107040,949,916,1788314414926.418,1788314414926.401,109622072668
946,1147456.566950,32.140407,950,917,1788314414959.872,1788314414959.854,109622072668
947,1147456.600219,32.173676,951,918,1788314414993.326,1788314414993.309,109622072668
948,1147456.633567,32.207023,952,919,1788314415026.781,1788314415026.764,109622072668
949,1147456.666956,32.240413,953,920,1788314415060.237,1788314415060.220,109622072668
950,1147456.700157,32.273614,954,921,1788314415093.694,1788314415093.677,109622072668
951,1147456.734045,32.307502,955,922,1788314415127.151,1788314415127.134,109622072668
952,1147456.767584,32.341040,956,923,1788314415160.609,1788314415160.592,109622072668
953,1147456.801008,32.374465,957,924,1788314415194.068,1788314415194.051,109622072668
954,1147456.834281,32.407738,958,925,1788314415227.528,1788314415227.511,109622072668
955,1147456.867938,32.441395,959,926,1788314415260.989,1788314415260.972,109622072668
956,1147456.900596,32.474053,960,927,1788314415294.450,1788314415294.433,109622072668
957,1147456.933557,32.507014,961,928,1788314415327.912,1788314415327.895,109622072668
958,1147456.967081,32.540538,962,929,1788314415361.375,1788314415361.358,109622072668
959,1147457.000398,32.573855,963,930,1788314415394.839,1788314415394.822,109622072668
960,1147457.033739,32.607196,964,931,1788314415428.303,1788314415428.286,109622072668
961,1147457.067226,32.640683,965,932,1788314415461.768,1788314415461.751,109622072668
962,1147457.100428,32.673884,966,933,1788314415495.234,1788314415495.217,109622072668
963,1147457.133730,32.707186,967,934,1788314415528.701,1788314415528.684,109622072668
964,1147457.167073,32.740530,968,935,1788314415562.166,1788314415562.149,109622072668
965,1147457.200649,32.774106,969,936,1788314415595.495,1788314415595.478,109622072668
966,1147457.233722,32.807178,970,937,1788314415628.823,1788314415628.806,109622072668
967,1147457.267242,32.840699,971,938,1788314415662.152,1788314415662.135,109622072668
968,1147457.300598,32.874055,972,939,1788314415695.480,1788314415695.463,109622072668
969,1147457.333814,32.907271,973,940,1788314415728.808,1788314415728.791,109622072668
970,1147457.367102,32.940559,974,941,1788314415762.135,1788314415762.118,109622072668
971,1147457.400411,32.973868,975,942,1788314415795.463,1788314415795.446,109622072668
972,1147457.433938,33.007395,976,943,1788314415828.790,1788314415828.773,109622072668
973,1147457.467473,33.040930,977,944,1788314415862.117,1788314415862.100,109622072668
974,1147457.500956,33.074412,978,945,1788314415895.443,1788314415895.427,109622072668
975,1147457.534132,33.107589,979,946,1788314415928.770,1788314415928.753,109622072668
976,1147457.567428,33.140885,980,947,1788314415962.096,1788314415962.079,109622072668
977,1147457.600857,33.174313,981,948,1788314415995.422,1788314415995.405,109622072668
978,1147457.634141,33.207598,982,949,1788314416028.747,1788314416028.730,109622072668
979,1147457.667466,33.240923,983,950,1788314416062.073,1788314416062.056,109622072668
980,1147457.700856,33.274312,984,951,1788314416095.398,1788314416095.381,109622072668
981,1147457.734147,33.307604,985,952,1788314416128.723,1788314416128.706,109622072668
982,1147457.767525,33.340982,986,953,1788314416162.047,1788314416162.030,109622072668
983,1147457.800868,33.374325,987,954,1788314416195.372,1788314416195.354,109622072668
984,1147457.834246,33.407703,988,955,1788314416228.696,1788314416228.678,109622072668
985,1147457.867559,33.441016,989,956,1788314416262.019,1788314416262.002,109622072668
986,1147457.900660,33.474116,990,957,1788314416295.343,1788314416295.326,109622072668
987,1147457.934143,33.507600,991,958,1788314416328.666,1788314416328.649,109622072668
988,1147457.967936,33.541392,992,959,1788314416361.989,1788314416361.972,109622072668
989,1147458.001122,33.574579,993,960,1788314416395.312,1788314416395.295,109622072668
990,1147458.034654,33.608111,994,961,1788314416428.635,1788314416428.618,109622072668
991,1147458.067908,33.641365,995,962,1788314416461.957,1788314416461.940,109622072668
992,1147458.101141,33.674597,996,963,1788314416495.279,1788314416495.262,109622072668
993,1147458.134747,33.708204,997,964,1788314416528.601,1788314416528.584,109622072668
994,1147458.168637,33.742094,998,965,1788314416561.923,1788314416561.906,109622072668
995,1147458.201786,33.775242,999,966,1788314416595.282,1788314416595.265,109622072668
996,1147458.235285,33.808741,1000,967,1788314416628.687,1788314416628.670,109622072668
997,1147458.268951,33.842408,1001,968,1788314416662.091,1788314416662.074,109622072668
998,1147458.301506,33.874962,1002,969,1788314416695.496,1788314416695.479,109622072668
999,1147458.334706,33.908163,1003,970,1788314416728.901,1788314416728.884,109622072668
1000,1147458.367979,33.941435,1004,971,1788314416762.306,1788314416762.289,109622072668
1001,1147458.401382,33.974839,1005,972,1788314416795.711,1788314416795.694,109622072668
1002,1147458.434487,34.007944,1006,973,1788314416829.117,1788314416829.100,109622072668
1003,1147458.467935,34.041392,1007,974,1788314416862.523,1788314416862.506,109622072668
1004,1147458.501208,34.074665,1008,975,1788314416895.929,1788314416895.912,109622072668
1005,1147458.534619,34.108075,1009,976,1788314416929.335,1788314416929.318,109622072668
1006,1147458.568636,34.142093,1010,977,1788314416962.742,1788314416962.725,109622072668
1007,1147458.603269,34.176726,1011,978,1788314416996.148,1788314416996.131,109622072668
1008,1147458.635138,34.208595,1012,979,1788314417029.555,1788314417029.538,109622072668
1009,1147458.668591,34.242047,1013,980,1788314417062.963,1788314417062.946,109622072668
1010,1147458.701817,34.275274,1014,981,1788314417096.370,1788314417096.353,109622072668
1011,1147458.735328,34.308785,1015,982,1788314417129.778,1788314417129.761,109622072668
1012,1147458.768394,34.341851,1016,983,1788314417163.186,1788314417163.169,109622072668
1013,1147458.802027,34.375484,1017,984,1788314417196.594,1788314417196.577,109622072668
1014,1147458.835562,34.409019,1018,985,1788314417230.002,1788314417229.985,109622072668
1015,1147458.868645,34.442102,1019,986,1788314417263.411,1788314417263.394,109622072668
1016,1147458.902109,34.475566,1020,987,1788314417296.820,1788314417296.802,109622072668
1017,1147458.935251,34.508708,1021,988,1788314417330.229,1788314417330.211,109622072668
1018,1147458.968604,34.542060,1022,989,1788314417363.638,1788314417363.621,109622072668
1019,1147459.002791,34.576248,1023,990,1788314417397.047,1788314417397.030,109622072668
1020,1147459.035982,34.609439,1024,991,1788314417430.457,1788314417430.440,109622072668
1021,1147459.070174,34.643630,1025,992,1788314417463.867,1788314417463.850,109622072668
1022,1147459.102017,34.675474,1026,993,1788314417497.277,1788314417497.260,109622072668
1023,1147459.135572,34.709029,1027,994,1788314417530.688,1788314417530.670,109622072668
1024,1147459.168656,34.742113,1028,995,1788314417564.098,1788314417564.081,109622072668
1025,1147459.202207,34.775664,1029,996,1788314417597.508,1788314417597.491,109622072668
1026,1147459.235380,34.808836,1030,997,1788314417630.871,1788314417630.854,109622072668
1027,1147459.269444,34.842901,1031,998,1788314417664.235,1788314417664.218,109622072668
1028,1147459.301963,34.875419,1032,999,1788314417697.599,1788314417697.582,109622072668
1029,1147459.335225,34.908682,1033,1000,1788314417730.963,1788314417730.946,109622072668
1030,1147459.368502,34.941959,1034,1001,1788314417764.328,1788314417764.311,109622072668
1031,1147459.401882,34.975339,1035,1002,1788314417797.692,1788314417797.675,109622072668
1032,1147459.435684,35.009141,1036,1003,1788314417831.057,1788314417831.040,109622072668
1033,1147459.468726,35.042183,1037,1004,1788314417864.422,1788314417864.405,109622072668
1034,1147459.501920,35.075376,1038,1005,1788314417897.788,1788314417897.771,109622072668
1035,1147459.535388,35.108845,1039,1006,1788314417931.153,1788314417931.136,109622072668
1036,1147459.568565,35.142021,1040,1007,1788314417964.519,1788314417964.502,109622072668
1037,1147459.602473,35.175930,1041,1008,1788314417997.885,1788314417997.868,109622072668
1038,1147459.635441,35.208898,1042,1009,1788314418031.251,1788314418031.235,109622072668
1039,1147459.668780,35.242237,1043,1010,1788314418064.618,1788314418064.601,109622072668
1040,1147459.701981,35.275438,1044,1011,1788314418097.985,1788314418097.968,109622072668
1041,1147459.735418,35.308875,1045,1012,1788314418131.352,1788314418131.335,109622072668
1042,1147459.768743,35.342199,1046,1013,1788314418164.719,1788314418164.702,109622072668
1043,1147459.802200,35.375656,1047,1014,1788314418198.087,1788314418198.070,109622072668
1044,1147459.835691,35.409148,1048,1015,1788314418231.454,1788314418231.438,109622072668
1045,1147459.869628,35.443085,1049,1016,1788314418264.822,1788314418264.805,109622072668
1046,1147459.902892,35.476348,1050,1017,1788314418298.190,1788314418298.174,109622072668
1047,1147459.935779,35.509236,1051,1018,1788314418331.559,1788314418331.542,109622072668
1048,1147459.969135,35.542592,1052,1019,1788314418364.928,1788314418364.911,109622072668
1049,1147460.002499,35.575956,1053,1020,1788314418398.297,1788314418398.280,109622072668
1050,1147460.035814,35.609270,1054,1021,1788314418431.666,1788314418431.649,109622072668
1051,1147460.069247,35.642704,1055,1022,1788314418465.035,1788314418465.018,109622072668
1052,1147460.103162,35.676619,1056,1023,1788314418498.405,1788314418498.388,109622072668
1053,1147460.136876,35.710333,1057,1024,1788314418531.774,1788314418531.757,109622072668
1054,1147460.169843,35.743300,1058,1025,1788314418565.145,1788314418565.127,109622072668
1055,1147460.202614,35.776071,1059,1026,1788314418598.474,1788314418598.457,109622072668
1056,1147460.236260,35.809716,1060,1027,1788314418631.802,1788314418631.785,109622072668
1057,1147460.269800,35.843257,1061,1028,1788314418665.131,1788314418665.114,109622072668
1058,1147460.303055,35.876511,1062,1029,1788314418698.459,1788314418698.442,109622072668
1059,1147460.336318,35.909775,1063,1030,1788314418731.788,1788314418731.771,109622072668
1060,1147460.369643,35.943100,1064,1031,1788314418765.115,1788314418765.098,109622072668
1061,1147460.403069,35.976526,1065,1032,1788314418798.443,1788314418798.426,109622072668
1062,1147460.436462,36.009919,1066,1033,1788314418831.771,1788314418831.753,109622072668
1063,1147460.469986,36.043442,1067,1034,1788314418865.097,1788314418865.081,109622072668
1064,1147460.502685,36.076142,1068,1035,1788314418898.424,1788314418898.407,109622072668
1065,1147460.536033,36.109490,1069,1036,1788314418931.751,1788314418931.734,109622072668
1066,1147460.569629,36.143086,1070,1037,1788314418965.077,1788314418965.061,109622072668
1067,1147460.603345,36.176802,1071,1038,1788314418998.404,1788314418998.387,109622072668
1068,1147460.637246,36.210703,1072,1039,1788314419031.729,1788314419031.713,109622072668
1069,1147460.670341,36.243798,1073,1040,1788314419065.055,1788314419065.038,109622072668
1070,1147460.703469,36.276926,1074,1041,1788314419098.381,1788314419098.364,109622072668
1071,1147460.736894,36.310351,1075,1042,1788314419131.706,1788314419131.689,109622072668
1072,1147460.770317,36.343774,1076,1043,1788314419165.031,1788314419165.014,109622072668
1073,1147460.803349,36.376806,1077,1044,1788314419198.355,1788314419198.338,109622072668
1074,1147460.837165,36.410622,1078,1045,1788314419231.680,1788314419231.663,109622072668
1075,1147460.870197,36.443654,1079,1046,1788314419265.004,1788314419264.987,109622072668
1076,1147460.903830,36.477287,1080,1047,1788314419298.328,1788314419298.311,109622072668
1077,1147460.937150,36.510606,1081,1048,1788314419331.652,1788314419331.635,109622072668
1078,1147460.970055,36.543512,1082,1049,1788314419364.975,1788314419364.958,109622072668
1079,1147461.003871,36.577328,1083,1050,1788314419398.298,1788314419398.281,109622072668
1080,1147461.037263,36.610720,1084,1051,1788314419431.621,1788314419431.604,109622072668
1081,1147461.070647,36.644104,1085,1052,1788314419464.944,1788314419464.927,109622072668
1082,1147461.103449,36.676906,1086,1053,1788314419498.267,1788314419498.250,109622072668
1083,1147461.136897,36.710354,1087,1054,1788314419531.589,1788314419531.572,109622072668
1084,1147461.170512,36.743969,1088,1055,1788314419564.912,1788314419564.895,109622072668
1085,1147461.203669,36.777125,1089,1056,1788314419598.240,1788314419598.223,109622072668
1086,1147461.237090,36.810547,1090,1057,1788314419631.567,1788314419631.551,109622072668
1087,1147461.270481,36.843937,1091,1058,1788314419664.895,1788314419664.878,109622072668
1088,1147461.304236,36.877693,1092,1059,1788314419698.222,1788314419698.205,109622072668
1089,1147461.337501,36.910958,1093,1060,1788314419731.549,1788314419731.532,109622072668
1090,1147461.370396,36.943853,1094,1061,1788314419764.876,1788314419764.859,109622072668
1091,1147461.403653,36.977110,1095,1062,1788314419798.202,1788314419798.185,109622072668
1092,1147461.436908,37.010365,1096,1063,1788314419831.528,1788314419831.511,109622072668
1093,1147461.470322,37.043779,1097,1064,1788314419864.854,1788314419864.837,109622072668
1094,1147461.503457,37.076914,1098,1065,1788314419898.180,1788314419898.163,109622072668
1095,1147461.536809,37.110266,1099,1066,1788314419931.505,1788314419931.488,109622072668
1096,1147461.570230,37.143687,1100,1067,1788314419964.830,1788314419964.813,109622072668
1097,1147461.603550,37.177007,1101,1068,1788314419998.155,1788314419998.138,109622072668
1098,1147461.636975,37.210431,1102,1069,1788314420031.479,1788314420031.462,109622072668
1099,1147461.671081,37.244538,1103,1070,1788314420064.804,1788314420064.787,109622072668
1100,1147461.704201,37.277658,1104,1071,1788314420098.128,1788314420098.111,109622072668
1101,1147461.737689,37.311146,1105,1072,1788314420131.451,1788314420131.435,109622072668
1102,1147461.770746,37.344202,1106,1073,1788314420164.775,1788314420164.758,109622072668
1103,1147461.804241,37.377698,1107,1074,1788314420198.098,1788314420198.081,109622072668
1104,1147461.837340,37.410797,1108,1075,1788314420231.421,1788314420231.404,109622072668
1105,1147461.870731,37.444188,1109,1076,1788314420264.744,1788314420264.727,109622072668
1106,1147461.903880,37.477337,1110,1077,1788314420298.066,1788314420298.049,109622072668
1107,1147461.937251,37.510707,1111,1078,1788314420331.389,1788314420331.372,109622072668
1108,1147461.970531,37.543988,1112,1079,1788314420364.710,1788314420364.694,109622072668
1109,1147462.004471,37.577927,1113,1080,1788314420398.032,1788314420398.015,109622072668
1110,1147462.037346,37.610803,1114,1081,1788314420431.354,1788314420431.337,109622072668
1111,1147462.070688,37.644144,1115,1082,1788314420464.675,1788314420464.658,109622072668
1112,1147462.103988,37.677445,1116,1083,1788314420497.996,1788314420497.979,109622072668
1113,1147462.137531,37.710988,1117,1084,1788314420531.316,1788314420531.299,109622072668
1114,1147462.171062,37.744519,1118,1085,1788314420564.637,1788314420564.621,109622072668
1115,1147462.204129,37.777586,1119,1086,1788314420597.966,1788314420597.949,109622072668
1116,1147462.237729,37.811186,1120,1087,1788314420631.294,1788314420631.277,109622072668
1117,1147462.270870,37.844327,1121,1088,1788314420664.622,1788314420664.605,109622072668
1118,1147462.304100,37.877557,1122,1089,1788314420697.950,1788314420697.933,109622072668
1119,1147462.337405,37.910862,1123,1090,1788314420731.278,1788314420731.260,109622072668
1120,1147462.370611,37.944068,1124,1091,1788314420764.605,1788314420764.588,109622072668
1121,1147462.404120,37.977577,1125,1092,1788314420797.932,1788314420797.915,109622072668
1122,1147462.438499,38.011956,1126,1093,1788314420831.259,1788314420831.242,109622072668
1123,1147462.471308,38.044764,1127,1094,1788314420864.585,1788314420864.568,109622072668
1124,1147462.504332,38.077789,1128,1095,1788314420897.911,1788314420897.894,109622072668
1125,1147462.537954,38.111411,1129,1096,1788314420931.237,1788314420931.220,109622072668
1126,1147462.571387,38.144844,1130,1097,1788314420964.563,1788314420964.546,109622072668
1127,1147462.604645,38.178102,1131,1098,1788314420997.888,1788314420997.872,109622072668
1128,1147462.638265,38.211722,1132,1099,1788314421031.214,1788314421031.197,109622072668
1129,1147462.671624,38.245080,1133,1100,1788314421064.539,1788314421064.522,109622072668
1130,1147462.705184,38.278641,1134,1101,1788314421097.863,1788314421097.846,109622072668
1131,1147462.738599,38.312055,1135,1102,1788314421131.188,1788314421131.171,109622072668
1132,1147462.771598,38.345055,1136,1103,1788314421164.512,1788314421164.495,109622072668
1133,1147462.804624,38.378081,1137,1104,1788314421197.836,1788314421197.819,109622072668
1134,1147462.838222,38.411679,1138,1105,1788314421231.160,1788314421231.143,109622072668
1135,1147462.871813,38.445269,1139,1106,1788314421264.483,1788314421264.466,109622072668
1136,1147462.904580,38.478036,1140,1107,1788314421297.806,1788314421297.789,109622072668
1137,1147462.938146,38.511603,1141,1108,1788314421331.129,1788314421331.112,109622072668
1138,1147462.971610,38.545067,1142,1109,1788314421364.452,1788314421364.435,109622072668
1139,1147463.004760,38.578216,1143,1110,1788314421397.774,1788314421397.757,109622072668
1140,1147463.038504,38.611960,1144,1111,1788314421431.096,1788314421431.079,109622072668
1141,1147463.072092,38.645549,1145,1112,1788314421464.418,1788314421464.401,109622072668
1142,1147463.104961,38.678418,1146,1113,1788314421497.740,1788314421497.723,109622072668
1143,1147463.138775,38.712232,1147,1114,1788314421531.061,1788314421531.044,109622072668
1144,1147463.172025,38.745481,1148,1115,1788314421564.383,1788314421564.366,109622072668
1145,1147463.205308,38.778765,1149,1116,1788314421597.738,1788314421597.721,109622072668
1146,1147463.238724,38.812181,1150,1117,1788314421631.142,1788314421631.125,109622072668
1147,1147463.271924,38.845381,1151,1118,1788314421664.546,1788314421664.529,109622072668
1148,1147463.304992,38.878449,1152,1119,1788314421697.951,1788314421697.934,109622072668
1149,1147463.339500,38.912957,1153,1120,1788314421731.356,1788314421731.339,109622072668
1150,1147463.372223,38.945680,1154,1121,1788314421764.760,1788314421764.744,109622072668
1151,1147463.405108,38.978565,1155,1122,1788314421798.166,1788314421798.149,109622072668
1152,1147463.438647,39.012103,1156,1123,1788314421831.571,1788314421831.554,109622072668
1153,1147463.472197,39.045654,1157,1124,1788314421864.977,1788314421864.960,109622072668
1154,1147463.505206,39.078663,1158,1125,1788314421898.383,1788314421898.366,109622072668
1155,1147463.539533,39.112990,1159,1126,1788314421931.789,1788314421931.772,109622072668
1156,1147463.572502,39.145958,1160,1127,1788314421965.195,1788314421965.178,109622072668
1157,1147463.605198,39.178655,1161,1128,1788314421998.602,1788314421998.585,109622072668
1158,1147463.639094,39.212551,1162,1129,1788314422032.009,1788314422031.991,109622072668
1159,1147463.672216,39.245673,1163,1130,1788314422065.416,1788314422065.398,109622072668
1160,1147463.705574,39.279031,1164,1131,1788314422098.823,1788314422098.806,109622072668
1161,1147463.739040,39.312496,1165,1132,1788314422132.230,1788314422132.213,109622072668
1162,1147463.772446,39.345903,1166,1133,1788314422165.638,1788314422165.621,109622072668
1163,1147463.805567,39.379024,1167,1134,1788314422199.046,1788314422199.029,109622072668
1164,1147463.839354,39.412811,1168,1135,1788314422232.454,1788314422232.437,109622072668
1165,1147463.872649,39.446106,1169,1136,1788314422265.862,1788314422265.845,109622072668
1166,1147463.905799,39.479255,1170,1137,1788314422299.271,1788314422299.254,109622072668
1167,1147463.938979,39.512436,1171,1138,1788314422332.680,1788314422332.663,109622072668
1168,1147463.972176,39.545633,1172,1139,1788314422366.089,1788314422366.072,109622072668
1169,1147464.005660,39.579117,1173,1140,1788314422399.498,1788314422399.481,109622072668
1170,1147464.039014,39.612471,1174,1141,1788314422432.907,1788314422432.891,109622072668
1171,1147464.072647,39.646104,1175,1142,1788314422466.317,1788314422466.300,109622072668
1172,1147464.105497,39.678953,1176,1143,1788314422499.727,1788314422499.710,109622072668
1173,1147464.139213,39.712670,1177,1144,1788314422533.137,1788314422533.120,109622072668
1174,1147464.172373,39.745829,1178,1145,1788314422566.548,1788314422566.531,109622072668
1175,1147464.205645,39.779102,1179,1146,1788314422599.957,1788314422599.940,109622072668
1176,1147464.240161,39.813618,1180,1147,1788314422633.320,1788314422633.303,109622072668
1177,1147464.272891,39.846348,1181,1148,1788314422666.683,1788314422666.666,109622072668
1178,1147464.305929,39.879386,1182,1149,1788314422700.046,1788314422700.029,109622072668
1179,1147464.339506,39.912963,1183,1150,1788314422733.409,1788314422733.393,109622072668
1180,1147464.372519,39.945976,1184,1151,1788314422766.773,1788314422766.756,109622072668
1181,1147464.406042,39.979499,1185,1152,1788314422800.137,1788314422800.120,109622072668
1182,1147464.439134,40.012590,1186,1153,1788314422833.501,1788314422833.484,109622072668
1183,1147464.472338,40.045795,1187,1154,1788314422866.865,1788314422866.848,109622072668
1184,1147464.505814,40.079271,1188,1155,1788314422900.230,1788314422900.213,109622072668
1185,1147464.539468,40.112925,1189,1156,1788314422933.595,1788314422933.578,109622072668
1186,1147464.572770,40.146227,1190,1157,1788314422966.960,1788314422966.943,109622072668
1187,1147464.605893,40.179350,1191,1158,1788314423000.325,1788314423000.308,109622072668
1188,1147464.641153,40.214610,1192,1159,1788314423033.691,1788314423033.674,109622072668
1189,1147464.673288,40.246745,1193,1160,1788314423067.056,1788314423067.039,109622072668
1190,1147464.706407,40.279863,1194,1161,1788314423100.422,1788314423100.405,109622072668
1191,1147464.740005,40.313462,1195,1162,1788314423133.789,1788314423133.771,109622072668
1192,1147464.773166,40.346623,1196,1163,1788314423167.155,1788314423167.138,109622072668
1193,1147464.806435,40.379892,1197,1164,1788314423200.521,1788314423200.505,109622072668
1194,1147464.840100,40.413556,1198,1165,1788314423233.888,1788314423233.871,109622072668
1195,1147464.873299,40.446756,1199,1166,1788314423267.256,1788314423267.239,109622072668
1196,1147464.906438,40.479894,1200,1167,1788314423300.623,1788314423300.606,109622072668
1197,1147464.939639,40.513096,1201,1168,1788314423333.990,1788314423333.973,109622072668
1198,1147464.973116,40.546573,1202,1169,1788314423367.358,1788314423367.341,109622072668
1199,1147465.005905,40.579362,1203,1170,1788314423400.726,1788314423400.709,109622072668
1200,1147465.039432,40.612889,1204,1171,1788314423434.094,1788314423434.077,109622072668
1201,1147465.072845,40.646302,1205,1172,1788314423467.463,1788314423467.446,109622072668
1202,1147465.105929,40.679385,1206,1173,1788314423500.832,1788314423500.815,109622072668
1203,1147465.139278,40.712735,1207,1174,1788314423534.201,1788314423534.184,109622072668
1204,1147465.172605,40.746062,1208,1175,1788314423567.570,1788314423567.553,109622072668
1205,1147465.206040,40.779497,1209,1176,1788314423600.939,1788314423600.922,109622072668
1206,1147465.243183,40.816640,1210,1177,1788314423634.346,1788314423634.329,109622072668
1207,1147465.274735,40.848192,1211,1178,1788314423667.752,1788314423667.736,109622072668
1208,1147465.306454,40.879911,1212,1179,1788314423701.160,1788314423701.143,109622072668
1209,1147465.339932,40.913389,1213,1180,1788314423734.567,1788314423734.550,109622072668
1210,1147465.373428,40.946885,1214,1181,1788314423767.975,1788314423767.958,109622072668
1211,1147465.406762,40.980218,1215,1182,1788314423801.383,1788314423801.366,109622072668
1212,1147465.439935,41.013391,1216,1183,1788314423834.791,1788314423834.774,109622072668
1213,1147465.473749,41.047206,1217,1184,1788314423868.199,1788314423868.182,109622072668
1214,1147465.506750,41.080207,1218,1185,1788314423901.608,1788314423901.591,109622072668
1215,1147465.540201,41.113658,1219,1186,1788314423935.017,1788314423935.000,109622072668
1216,1147465.573729,41.147186,1220,1187,1788314423968.426,1788314423968.409,109622072668
1217,1147465.606919,41.180376,1221,1188,1788314424001.835,1788314424001.818,109622072668
1218,1147465.640429,41.213886,1222,1189,1788314424035.245,1788314424035.228,109622072668
1219,1147465.673691,41.247148,1223,1190,1788314424068.655,1788314424068.638,109622072668
1220,1147465.707004,41.280461,1224,1191,1788314424102.065,1788314424102.048,109622072668
1221,1147465.740535,41.313992,1225,1192,1788314424135.475,1788314424135.458,109622072668
1222,1147465.774329,41.347786,1226,1193,1788314424168.886,1788314424168.869,109622072668
1223,1147465.807596,41.381053,1227,1194,1788314424202.297,1788314424202.280,109622072668
1224,1147465.840591,41.414048,1228,1195,1788314424235.708,1788314424235.691,109622072668
1225,1147465.874136,41.447593,1229,1196,1788314424269.119,1788314424269.102,109622072668
1226,1147465.907549,41.481005,1230,1197,1788314424302.531,1788314424302.514,109622072668
1227,1147465.940332,41.513788,1231,1198,1788314424335.943,1788314424335.926,109622072668
1228,1147465.973677,41.547134,1232,1199,1788314424369.355,1788314424369.338,109622072668
1229,1147466.007116,41.580573,1233,1200,1788314424402.767,1788314424402.750,109622072668
1230,1147466.040484,41.613940,1234,1201,1788314424436.180,1788314424436.163,109622072668
1231,1147466.073568,41.647025,1235,1202,1788314424469.593,1788314424469.575,109622072668
1232,1147466.107012,41.680469,1236,1203,1788314424503.006,1788314424502.989,109622072668
1233,1147466.140411,41.713868,1237,1204,1788314424536.419,1788314424536.402,109622072668
1234,1147466.173681,41.747138,1238,1205,1788314424569.833,1788314424569.815,109622072668
1235,1147466.207286,41.780743,1239,1206,1788314424603.245,1788314424603.228,109622072668
1236,1147466.240406,41.813863,1240,1207,1788314424636.565,1788314424636.549,109622072668
1237,1147466.274180,41.847637,1241,1208,1788314424669.885,1788314424669.869,109622072668
1238,1147466.307820,41.881277,1242,1209,1788314424703.205,1788314424703.188,109622072668
1239,1147466.340561,41.914018,1243,1210,1788314424736.525,1788314424736.508,109622072668
1240,1147466.373705,41.947161,1244,1211,1788314424769.844,1788314424769.827,109622072668
1241,1147466.407140,41.980597,1245,1212,1788314424803.163,1788314424803.146,109622072668
1242,1147466.440558,42.014014,1246,1213,1788314424836.481,1788314424836.464,109622072668
1243,1147466.473897,42.047354,1247,1214,1788314424869.799,1788314424869.782,109622072668
1244,1147466.507215,42.080672,1248,1215,1788314424903.117,1788314424903.100,109622072668
1245,1147466.540696,42.114153,1249,1216,1788314424936.434,1788314424936.417,109622072668
1246,1147466.574166,42.147623,1250,1217,1788314424969.751,1788314424969.734,109622072668
1247,1147466.607545,42.181002,1251,1218,1788314425003.068,1788314425003.051,109622072668
1248,1147466.640722,42.214179,1252,1219,1788314425036.385,1788314425036.367,109622072668
1249,1147466.673974,42.247431,1253,1220,1788314425069.701,1788314425069.684,109622072668
1250,1147466.707332,42.280789,1254,1221,1788314425103.016,1788314425103.000,109622072668
1251,1147466.740684,42.314141,1255,1222,1788314425136.332,1788314425136.315,109622072668
1252,1147466.774056,42.347512,1256,1223,1788314425169.647,1788314425169.630,109622072668
1253,1147466.807779,42.381235,1257,1224,1788314425202.962,1788314425202.945,109622072668
1254,1147466.841996,42.415453,1258,1225,1788314425236.276,1788314425236.259,109622072668
1255,1147466.874447,42.447904,1259,1226,1788314425269.590,1788314425269.573,109622072668
1256,1147466.907715,42.481172,1260,1227,1788314425302.904,1788314425302.887,109622072668
1257,1147466.941119,42.514576,1261,1228,1788314425336.218,1788314425336.201,109622072668
1258,1147466.974158,42.547615,1262,1229,1788314425369.531,1788314425369.514,109622072668
1259,1147467.007601,42.581058,1263,1230,1788314425402.844,1788314425402.827,109622072668
1260,1147467.041112,42.614569,1264,1231,1788314425436.156,1788314425436.139,109622072668
1261,1147467.074402,42.647859,1265,1232,1788314425469.468,1788314425469.451,109622072668
1262,1147467.107584,42.681041,1266,1233,1788314425502.780,1788314425502.763,109622072668
1263,1147467.141047,42.714504,1267,1234,1788314425536.092,1788314425536.075,109622072668
1264,1147467.174693,42.748150,1268,1235,1788314425569.403,1788314425569.386,109622072668
1265,1147467.207885,42.781342,1269,1236,1788314425602.715,1788314425602.698,109622072668
1266,1147467.241364,42.814820,1270,1237,1788314425636.035,1788314425636.018,109622072668
1267,1147467.274666,42.848123,1271,1238,1788314425669.355,1788314425669.338,109622072668
1268,1147467.308379,42.881835,1272,1239,1788314425702.675,1788314425702.658,109622072668
1269,1147467.341783,42.915240,1273,1240,1788314425735.994,1788314425735.977,109622072668
1270,1147467.374892,42.948349,1274,1241,1788314425769.313,1788314425769.296,109622072668
1271,1147467.408033,42.981490,1275,1242,1788314425802.632,1788314425802.615,109622072668
1272,1147467.441598,43.015055,1276,1243,1788314425835.950,1788314425835.933,109622072668
1273,1147467.474861,43.048317,1277,1244,1788314425869.268,1788314425869.251,109622072668
1274,1147467.508086,43.081543,1278,1245,1788314425902.586,1788314425902.569,109622072668
1275,1147467.541349,43.114806,1279,1246,1788314425935.903,1788314425935.886,109622072668
1276,1147467.574750,43.148206,1280,1247,1788314425969.220,1788314425969.203,109622072668
1277,1147467.608139,43.181596,1281,1248,1788314426002.537,1788314426002.520,109622072668
1278,1147467.641355,43.214812,1282,1249,1788314426035.853,1788314426035.836,109622072668
1279,1147467.675074,43.248531,1283,1250,1788314426069.169,1788314426069.152,109622072668
1280,1147467.708151,43.281608,1284,1251,1788314426102.485,1788314426102.468,109622072668
1281,1147467.741649,43.315106,1285,1252,1788314426135.800,1788314426135.783,109622072668
1282,1147467.775189,43.348646,1286,1253,1788314426169.115,1788314426169.098,109622072668
1283,1147467.808392,43.381849,1287,1254,1788314426202.430,1788314426202.413,109622072668
1284,1147467.842052,43.415509,1288,1255,1788314426235.744,1788314426235.727,109622072668
1285,1147467.875188,43.448645,1289,1256,1788314426269.058,1788314426269.041,109622072668
1286,1147467.908386,43.481842,1290,1257,1788314426302.372,1788314426302.355,109622072668
1287,1147467.941746,43.515202,1291,1258,1788314426335.685,1788314426335.668,109622072668
1288,1147467.975036,43.548492,1292,1259,1788314426368.998,1788314426368.981,109622072668
1289,1147468.008345,43.581802,1293,1260,1788314426402.311,1788314426402.294,109622072668
1290,1147468.041790,43.615247,1294,1261,1788314426435.624,1788314426435.606,109622072668
1291,1147468.075234,43.648690,1295,1262,1788314426468.936,1788314426468.918,109622072668
1292,1147468.108550,43.682006,1296,1263,1788314426502.247,1788314426502.230,109622072668
1293,1147468.141820,43.715277,1297,1264,1788314426535.559,1788314426535.542,109622072668
1294,1147468.175046,43.748503,1298,1265,1788314426568.870,1788314426568.853,109622072668
1295,1147468.208799,43.782256,1299,1266,1788314426602.182,1788314426602.165,109622072668
1296,1147468.242038,43.815495,1300,1267,1788314426635.578,1788314426635.561,109622072668
1297,1147468.275546,43.849003,1301,1268,1788314426668.974,1788314426668.957,109622072668
1298,1147468.308922,43.882379,1302,1269,1788314426702.371,1788314426702.354,109622072668
1299,1147468.342686,43.916143,1303,1270,1788314426735.767,1788314426735.750,109622072668
1300,1147468.375752,43.949209,1304,1271,1788314426769.164,1788314426769.147,109622072668
1301,1147468.408628,43.982085,1305,1272,1788314426802.561,1788314426802.544,109622072668
1302,1147468.442448,44.015905,1306,1273,1788314426835.958,1788314426835.941,109622072668
1303,1147468.475869,44.049326,1307,1274,1788314426869.355,1788314426869.338,109622072668
1304,1147468.508993,44.082450,1308,1275,1788314426902.753,1788314426902.736,109622072668
1305,1147468.542358,44.115814,1309,1276,1788314426936.150,1788314426936.133,109622072668
1306,1147468.575651,44.149108,1310,1277,1788314426969.548,1788314426969.531,109622072668
1307,1147468.609248,44.182705,1311,1278,1788314427002.946,1788314427002.929,109622072668
1308,1147468.642389,44.215846,1312,1279,1788314427036.344,1788314427036.327,109622072668
1309,1147468.675894,44.249351,1313,1280,1788314427069.742,1788314427069.725,109622072668
1310,1147468.709121,44.282578,1314,1281,1788314427103.140,1788314427103.124,109622072668
1311,1147468.742736,44.316193,1315,1282,1788314427136.539,1788314427136.522,109622072668
1312,1147468.775945,44.349401,1316,1283,1788314427169.938,1788314427169.921,109622072668
1313,1147468.809290,44.382747,1317,1284,1788314427203.336,1788314427203.320,109622072668
1314,1147468.842591,44.416048,1318,1285,1788314427236.736,1788314427236.719,109622072668
1315,1147468.876173,44.449630,1319,1286,1788314427270.135,1788314427270.118,109622072668
1316,1147468.909086,44.482543,1320,1287,1788314427303.534,1788314427303.517,109622072668
1317,1147468.942489,44.515946,1321,1288,1788314427336.933,1788314427336.917,109622072668
1318,1147468.975843,44.549300,1322,1289,1788314427370.333,1788314427370.316,109622072668
1319,1147469.009345,44.582802,1323,1290,1788314427403.733,1788314427403.716,109622072668
1320,1147469.042533,44.615990,1324,1291,1788314427437.133,1788314427437.116,109622072668
1321,1147469.076123,44.649580,1325,1292,1788314427470.533,1788314427470.516,109622072668
1322,1147469.109278,44.682735,1326,1293,1788314427503.933,1788314427503.916,109622072668
1323,1147469.142796,44.716253,1327,1294,1788314427537.333,1788314427537.317,109622072668
1324,1147469.176414,44.749871,1328,1295,1788314427570.734,1788314427570.717,109622072668
1325,1147469.209613,44.783070,1329,1296,1788314427604.134,1788314427604.117,109622072668
1326,1147469.242754,44.816211,1330,1297,1788314427637.488,1788314427637.471,109622072668
1327,1147469.276199,44.849656,1331,1298,1788314427670.842,1788314427670.825,109622072668
1328,1147469.309465,44.882922,1332,1299,1788314427704.196,1788314427704.179,109622072668
1329,1147469.342812,44.916269,1333,1300,1788314427737.551,1788314427737.534,109622072668
1330,1147469.376478,44.949935,1334,1301,1788314427770.906,1788314427770.888,109622072668
1331,1147469.409478,44.982935,1335,1302,1788314427804.260,1788314427804.243,109622072668
1332,1147469.442834,45.016291,1336,1303,1788314427837.615,1788314427837.598,109622072668
1333,1147469.476445,45.049902,1337,1304,1788314427870.970,1788314427870.953,109622072668
1334,1147469.509540,45.082997,1338,1305,1788314427904.325,1788314427904.309,109622072668
1335,1147469.543055,45.116512,1339,1306,1788314427937.681,1788314427937.664,109622072668
1336,1147469.576887,45.150344,1340,1307,1788314427971.036,1788314427971.020,109622072668
1337,1147469.610098,45.183555,1341,1308,1788314428004.392,1788314428004.375,109622072668
1338,1147469.643117,45.216574,1342,1309,1788314428037.748,1788314428037.731,109622072668
1339,1147469.676419,45.249876,1343,1310,1788314428071.104,1788314428071.087,109622072668
1340,1147469.710091,45.283548,1344,1311,1788314428104.460,1788314428104.443,109622072668
1341,1147469.743078,45.316535,1345,1312,1788314428137.816,1788314428137.799,109622072668
1342,1147469.776510,45.349967,1346,1313,1788314428171.173,1788314428171.156,109622072668
1343,1147469.810078,45.383535,1347,1314,1788314428204.529,1788314428204.512,109622072668
1344,1147469.843203,45.416660,1348,1315,1788314428237.886,1788314428237.869,109622072668
1345,1147469.876702,45.450159,1349,1316,1788314428271.243,1788314428271.226,109622072668
1346,1147469.910160,45.483617,1350,1317,1788314428304.600,1788314428304.583,109622072668
1347,1147469.943392,45.516849,1351,1318,1788314428337.957,1788314428337.940,109622072668
1348,1147469.976733,45.550190,1352,1319,1788314428371.314,1788314428371.297,109622072668
1349,1147470.009915,45.583372,1353,1320,1788314428404.672,1788314428404.655,109622072668
1350,1147470.043313,45.616770,1354,1321,1788314428438.030,1788314428438.012,109622072668
1351,1147470.076828,45.650285,1355,1322,1788314428471.387,1788314428471.370,109622072668
1352,1147470.110369,45.683826,1356,1323,1788314428504.745,1788314428504.728,109622072668
1353,1147470.143739,45.717196,1357,1324,1788314428538.103,1788314428538.086,109622072668
1354,1147470.176839,45.750296,1358,1325,1788314428571.461,1788314428571.445,109622072668
1355,1147470.210223,45.783680,1359,1326,1788314428604.820,1788314428604.803,109622072668
1356,1147470.243444,45.816900,1360,1327,1788314428638.140,1788314428638.123,109622072668
1357,1147470.276892,45.850348,1361,1328,1788314428671.460,1788314428671.443,109622072668
1358,1147470.310126,45.883583,1362,1329,1788314428704.780,1788314428704.763,109622072668
1359,1147470.343871,45.917327,1363,1330,1788314428738.099,1788314428738.083,109622072668
1360,1147470.377188,45.950645,1364,1331,1788314428771.418,1788314428771.401,109622072668
1361,1147470.410312,45.983769,1365,1332,1788314428804.737,1788314428804.720,109622072668
1362,1147470.443533,46.016990,1366,1333,1788314428838.055,1788314428838.039,109622072668
1363,1147470.477213,46.050669,1367,1334,1788314428871.374,1788314428871.357,109622072668
1364,1147470.510077,46.083534,1368,1335,1788314428904.691,1788314428904.674,109622072668
1365,1147470.543638,46.117095,1369,1336,1788314428938.009,1788314428937.992,109622072668
1366,1147470.577045,46.150502,1370,1337,1788314428971.326,1788314428971.309,109622072668
1367,1147470.610311,46.183768,1371,1338,1788314429004.642,1788314429004.625,109622072668
1368,1147470.644000,46.217456,1372,1339,1788314429037.959,1788314429037.942,109622072668
1369,1147470.677329,46.250786,1373,1340,1788314429071.275,1788314429071.258,109622072668
1370,1147470.710911,46.284368,1374,1341,1788314429104.591,1788314429104.574,109622072668
1371,1147470.744434,46.317891,1375,1342,1788314429137.906,1788314429137.889,109622072668
1372,1147470.777757,46.351214,1376,1343,1788314429171.221,1788314429171.204,109622072668
1373,1147470.810729,46.384186,1377,1344,1788314429204.536,1788314429204.519,109622072668
1374,1147470.844044,46.417500,1378,1345,1788314429237.850,1788314429237.833,109622072668
1375,1147470.877292,46.450749,1379,1346,1788314429271.164,1788314429271.147,109622072668
1376,1147470.910872,46.484329,1380,1347,1788314429304.478,1788314429304.461,109622072668
1377,1147470.943956,46.517412,1381,1348,1788314429337.792,1788314429337.775,109622072668
1378,1147470.977687,46.551144,1382,1349,1788314429371.105,1788314429371.088,109622072668
1379,1147471.011063,46.584520,1383,1350,1788314429404.417,1788314429404.400,109622072668
1380,1147471.044144,46.617601,1384,1351,1788314429437.730,1788314429437.713,109622072668
1381,1147471.077791,46.651248,1385,1352,1788314429471.042,1788314429471.025,109622072668
1382,1147471.110916,46.684373,1386,1353,1788314429504.354,1788314429504.337,109622072668
1383,1147471.144189,46.717646,1387,1354,1788314429537.665,1788314429537.648,109622072668
1384,1147471.177751,46.751207,1388,1355,1788314429570.976,1788314429570.959,109622072668
1385,1147471.211166,46.784623,1389,1356,1788314429604.288,1788314429604.271,109622072668
1386,1147471.244475,46.817931,1390,1357,1788314429637.609,1788314429637.592,109622072668
1387,1147471.277857,46.851314,1391,1358,1788314429670.929,1788314429670.912,109622072668
1388,1147471.311136,46.884593,1392,1359,1788314429704.249,1788314429704.232,109622072668
1389,1147471.344646,46.918103,1393,1360,1788314429737.568,1788314429737.551,109622072668
1390,1147471.378109,46.951566,1394,1361,1788314429770.887,1788314429770.871,109622072668
1391,1147471.411322,46.984779,1395,1362,1788314429804.206,1788314429804.189,109622072668
1392,1147471.444724,47.018181,1396,1363,1788314429837.525,1788314429837.508,109622072668
1393,1147471.477977,47.051433,1397,1364,1788314429870.843,1788314429870.826,109622072668
1394,1147471.511424,47.084881,1398,1365,1788314429904.161,1788314429904.144,109622072668
1395,1147471.544652,47.118109,1399,1366,1788314429937.479,1788314429937.462,109622072668
1396,1147471.578010,47.151466,1400,1367,1788314429970.796,1788314429970.779,109622072668
1397,1147471.611028,47.184484,1401,1368,1788314430004.113,1788314430004.096,109622072668
1398,1147471.644262,47.217718,1402,1369,1788314430037.429,1788314430037.412,109622072668
1399,1147471.677820,47.251277,1403,1370,1788314430070.746,1788314430070.729,109622072668
1400,1147471.711091,47.284547,1404,1371,1788314430104.062,1788314430104.045,109622072668
1401,1147471.744305,47.317762,1405,1372,1788314430137.377,1788314430137.360,109622072668
1402,1147471.777949,47.351406,1406,1373,1788314430170.692,1788314430170.676,109622072668
1403,1147471.811502,47.384959,1407,1374,1788314430204.007,1788314430203.990,109622072668
1404,1147471.844694,47.418151,1408,1375,1788314430237.322,1788314430237.305,109622072668
1405,1147471.878451,47.451908,1409,1376,1788314430270.636,1788314430270.619,109622072668
1406,1147471.911447,47.484904,1410,1377,1788314430303.950,1788314430303.933,109622072668
1407,1147471.948114,47.521571,1411,1378,1788314430337.264,1788314430337.247,109622072668
1408,1147471.978835,47.552292,1412,1379,1788314430370.577,1788314430370.560,109622072668
1409,1147472.011650,47.585107,1413,1380,1788314430403.890,1788314430403.873,109622072668
1410,1147472.044886,47.618343,1414,1381,1788314430437.203,1788314430437.186,109622072668
1411,1147472.078338,47.651795,1415,1382,1788314430470.515,1788314430470.498,109622072668
1412,1147472.111805,47.685262,1416,1383,1788314430503.827,1788314430503.810,109622072668
1413,1147472.145237,47.718694,1417,1384,1788314430537.139,1788314430537.122,109622072668
1414,1147472.178658,47.752115,1418,1385,1788314430570.450,1788314430570.433,109622072668
1415,1147472.211517,47.784974,1419,1386,1788314430603.762,1788314430603.745,109622072668
1416,1147472.244990,47.818447,1420,1387,1788314430637.124,1788314430637.107,109622072668
1417,1147472.278300,47.851757,1421,1388,1788314430670.486,1788314430670.469,109622072668
1418,1147472.311598,47.885055,1422,1389,1788314430703.848,1788314430703.831,109622072668
1419,1147472.345010,47.918467,1423,1390,1788314430737.210,1788314430737.193,109622072668
1420,1147472.378749,47.952206,1424,1391,1788314430770.573,1788314430770.556,109622072668
1421,1147472.411606,47.985063,1425,1392,1788314430803.936,1788314430803.919,109622072668
1422,1147472.445112,48.018568,1426,1393,1788314430837.299,1788314430837.282,109622072668
1423,1147472.478372,48.051829,1427,1394,1788314430870.662,1788314430870.645,109622072668
1424,1147472.511685,48.085142,1428,1395,1788314430904.026,1788314430904.009,109622072668
1425,1147472.545041,48.118498,1429,1396,1788314430937.389,1788314430937.372,109622072668
1426,1147472.578245,48.151702,1430,1397,1788314430970.753,1788314430970.736,109622072668
1427,1147472.611659,48.185116,1431,1398,1788314431004.118,1788314431004.101,109622072668
1428,1147472.644980,48.218437,1432,1399,1788314431037.482,1788314431037.465,109622072668
1429,1147472.678636,48.252093,1433,1400,1788314431070.847,1788314431070.830,109622072668
1430,1147472.711942,48.285399,1434,1401,1788314431104.211,1788314431104.194,109622072668
1431,1147472.745010,48.318467,1435,1402,1788314431137.576,1788314431137.560,109622072668
1432,1147472.778290,48.351747,1436,1403,1788314431170.942,1788314431170.925,109622072668
1433,1147472.811646,48.385103,1437,1404,1788314431204.307,1788314431204.290,109622072668
1434,1147472.844965,48.418422,1438,1405,1788314431237.673,1788314431237.656,109622072668
1435,1147472.878386,48.451843,1439,1406,1788314431271.039,1788314431271.022,109622072668
1436,1147472.911691,48.485148,1440,1407,1788314431304.405,1788314431304.388,109622072668
1437,1147472.945188,48.518645,1441,1408,1788314431337.771,1788314431337.755,109622072668
1438,1147472.978685,48.552142,1442,1409,1788314431371.138,1788314431371.121,109622072668
1439,1147473.011898,48.585355,1443,1410,1788314431404.505,1788314431404.488,109622072668
1440,1147473.045427,48.618884,1444,1411,1788314431437.872,1788314431437.855,109622072668
1441,1147473.078896,48.652353,1445,1412,1788314431471.240,1788314431471.222,109622072668
1442,1147473.112137,48.685594,1446,1413,1788314431504.607,1788314431504.590,109622072668
1443,1147473.145389,48.718846,1447,1414,1788314431537.975,1788314431537.958,109622072668
1444,1147473.178699,48.752156,1448,1415,1788314431571.343,1788314431571.325,109622072668
1445,1147473.212220,48.785677,1449,1416,1788314431604.710,1788314431604.693,109622072668
1446,1147473.245336,48.818793,1450,1417,1788314431638.038,1788314431638.021,109622072668
1447,1147473.278715,48.852172,1451,1418,1788314431671.366,1788314431671.349,109622072668
1448,1147473.312037,48.885494,1452,1419,1788314431704.694,1788314431704.677,109622072668
1449,1147473.345501,48.918958,1453,1420,1788314431738.021,1788314431738.004,109622072668
1450,1147473.378828,48.952285,1454,1421,1788314431771.348,1788314431771.331,109622072668
1451,1147473.412207,48.985664,1455,1422,1788314431804.675,1788314431804.658,109622072668
1452,1147473.445596,49.019053,1456,1423,1788314431838.001,1788314431837.984,109622072668
1453,1147473.478987,49.052444,1457,1424,1788314431871.328,1788314431871.311,109622072668
1454,1147473.512527,49.085984,1458,1425,1788314431904.654,1788314431904.637,109622072668
1455,1147473.545756,49.119213,1459,1426,1788314431937.979,1788314431937.962,109622072668
1456,1147473.578929,49.152386,1460,1427,1788314431971.305,1788314431971.288,109622072668
1457,1147473.612364,49.185821,1461,1428,1788314432004.630,1788314432004.613,109622072668
1458,1147473.645898,49.219355,1462,1429,1788314432037.955,1788314432037.938,109622072668
1459,1147473.679331,49.252788,1463,1430,1788314432071.280,1788314432071.263,109622072668
1460,1147473.712497,49.285954,1464,1431,1788314432104.604,1788314432104.587,109622072668
1461,1147473.746529,49.319986,1465,1432,1788314432137.928,1788314432137.911,109622072668
1462,1147473.779379,49.352835,1466,1433,1788314432171.252,1788314432171.235,109622072668
1463,1147473.812676,49.386132,1467,1434,1788314432204.576,1788314432204.559,109622072668
1464,1147473.846013,49.419470,1468,1435,1788314432237.899,1788314432237.882,109622072668
1465,1147473.879701,49.453158,1469,1436,1788314432271.222,1788314432271.205,109622072668
1466,1147473.912930,49.486387,1470,1437,1788314432304.545,1788314432304.528,109622072668
1467,1147473.946439,49.519895,1471,1438,1788314432337.868,1788314432337.851,109622072668
1468,1147473.979782,49.553239,1472,1439,1788314432371.190,1788314432371.173,109622072668
1469,1147474.012996,49.586453,1473,1440,1788314432404.512,1788314432404.495,109622072668
1470,1147474.046167,49.619624,1474,1441,1788314432437.834,1788314432437.817,109622072668
1471,1147474.079493,49.652950,1475,1442,1788314432471.156,1788314432471.139,109622072668
1472,1147474.112758,49.686215,1476,1443,1788314432504.477,1788314432504.460,109622072668
1473,1147474.146457,49.719913,1477,1444,1788314432537.798,1788314432537.781,109622072668
1474,1147474.179592,49.753049,1478,1445,1788314432571.119,1788314432571.102,109622072668
1475,1147474.212886,49.786343,1479,1446,1788314432604.440,1788314432604.423,109622072668
1476,1147474.246393,49.819850,1480,1447,1788314432637.790,1788314432637.773,109622072668
1477,1147474.279997,49.853454,1481,1448,1788314432671.235,1788314432671.218,109622072668
1478,1147474.312976,49.886432,1482,1449,1788314432704.681,1788314432704.664,109622072668
1479,1147474.346404,49.919861,1483,1450,1788314432738.127,1788314432738.110,109622072668
1480,1147474.379707,49.953164,1484,1451,1788314432771.574,1788314432771.557,109622072668
1481,1147474.413546,49.987003,1485,1452,1788314432805.023,1788314432805.006,109622072668
1482,1147474.446572,50.020029,1486,1453,1788314432838.471,1788314432838.454,109622072668
1483,1147474.479913,50.053369,1487,1454,1788314432871.921,1788314432871.904,109622072668
1484,1147474.513089,50.086545,1488,1455,1788314432905.372,1788314432905.354,109622072668
1485,1147474.546686,50.120143,1489,1456,1788314432938.823,1788314432938.806,109622072668
1486,1147474.579972,50.153428,1490,1457,1788314432972.275,1788314432972.258,109622072668
1487,1147474.613111,50.186568,1491,1458,1788314433005.728,1788314433005.710,109622072668
1488,1147474.646436,50.219893,1492,1459,1788314433039.181,1788314433039.164,109622072668
1489,1147474.680166,50.253623,1493,1460,1788314433072.635,1788314433072.618,109622072668
1490,1147474.713379,50.286836,1494,1461,1788314433106.090,1788314433106.073,109622072668
1491,1147474.746716,50.320172,1495,1462,1788314433139.546,1788314433139.529,109622072668
1492,1147474.779803,50.353260,1496,1463,1788314433173.003,1788314433172.986,109622072668
1493,1147474.813507,50.386964,1497,1464,1788314433206.460,1788314433206.443,109622072668
1494,1147474.846590,50.420047,1498,1465,1788314433239.918,1788314433239.901,109622072668
1495,1147474.880229,50.453686,1499,1466,1788314433273.377,1788314433273.360,109622072668
1496,1147474.913431,50.486887,1500,1467,1788314433306.837,1788314433306.820,109622072668
1497,1147474.946705,50.520162,1501,1468,1788314433340.298,1788314433340.281,109622072668
1498,1147474.980257,50.553714,1502,1469,1788314433373.759,1788314433373.742,109622072668
1499,1147475.013642,50.587099,1503,1470,1788314433407.221,1788314433407.204,109622072668
1500,1147475.047153,50.620610,1504,1471,1788314433440.684,1788314433440.667,109622072668
1501,1147475.080431,50.653888,1505,1472,1788314433474.147,1788314433474.130,109622072668
1502,1147475.113430,50.686887,1506,1473,1788314433507.612,1788314433507.595,109622072668
1503,1147475.146939,50.720396,1507,1474,1788314433541.077,1788314433541.060,109622072668
1504,1147475.180486,50.753943,1508,1475,1788314433574.543,1788314433574.526,109622072668
1505,1147475.213642,50.787099,1509,1476,1788314433608.010,1788314433607.993,109622072668
1506,1147475.247098,50.820555,1510,1477,1788314433641.341,1788314433641.324,109622072668
1507,1147475.280845,50.854301,1511,1478,1788314433674.672,1788314433674.655,109622072668
1508,1147475.314089,50.887546,1512,1479,1788314433708.003,1788314433707.986,109622072668
1509,1147475.347426,50.920883,1513,1480,1788314433741.334,1788314433741.317,109622072668
1510,1147475.380630,50.954086,1514,1481,1788314433774.664,1788314433774.647,109622072668
1511,1147475.413878,50.987335,1515,1482,1788314433807.995,1788314433807.978,109622072668
1512,1147475.447201,51.020658,1516,1483,1788314433841.325,1788314433841.308,109622072668
1513,1147475.480741,51.054197,1517,1484,1788314433874.655,1788314433874.637,109622072668
1514,1147475.514071,51.087527,1518,1485,1788314433907.984,1788314433907.967,109622072668
1515,1147475.547539,51.120996,1519,1486,1788314433941.313,1788314433941.296,109622072668
1516,1147475.581070,51.154527,1520,1487,1788314433974.642,1788314433974.625,109622072668
1517,1147475.614390,51.187847,1521,1488,1788314434007.971,1788314434007.954,109622072668
1518,1147475.647858,51.221315,1522,1489,1788314434041.300,1788314434041.283,109622072668
1519,1147475.681234,51.254691,1523,1490,1788314434074.628,1788314434074.611,109622072668
1520,1147475.714302,51.287759,1524,1491,1788314434107.957,1788314434107.939,109622072668
1521,1147475.747641,51.321098,1525,1492,1788314434141.284,1788314434141.267,109622072668
1522,1147475.780915,51.354372,1526,1493,1788314434174.612,1788314434174.595,109622072668
1523,1147475.814532,51.387989,1527,1494,1788314434207.940,1788314434207.923,109622072668
1524,1147475.847454,51.420910,1528,1495,1788314434241.267,1788314434241.250,109622072668
1525,1147475.881093,51.454550,1529,1496,1788314434274.594,1788314434274.577,109622072668
1526,1147475.914183,51.487640,1530,1497,1788314434307.921,1788314434307.904,109622072668
1527,1147475.947623,51.521079,1531,1498,1788314434341.247,1788314434341.230,109622072668
1528,1147475.980966,51.554423,1532,1499,1788314434374.573,1788314434374.556,109622072668
1529,1147476.014393,51.587850,1533,1500,1788314434407.900,1788314434407.883,109622072668
1530,1147476.047749,51.621206,1534,1501,1788314434441.225,1788314434441.208,109622072668
1531,1147476.081235,51.654692,1535,1502,1788314434474.551,1788314434474.534,109622072668
1532,1147476.114846,51.688303,1536,1503,1788314434507.876,1788314434507.859,109622072668
1533,1147476.147832,51.721289,1537,1504,1788314434541.202,1788314434541.185,109622072668
1534,1147476.181167,51.754624,1538,1505,1788314434574.527,1788314434574.510,109622072668
1535,1147476.214507,51.787964,1539,1506,1788314434607.852,1788314434607.835,109622072668
1536,1147476.247794,51.821251,1540,1507,1788314434641.181,1788314434641.164,109622072668
1537,1147476.281338,51.854794,1541,1508,1788314434674.510,1788314434674.492,109622072668
1538,1147476.314584,51.888041,1542,1509,1788314434707.838,1788314434707.821,109622072668
1539,1147476.348083,51.921540,1543,1510,1788314434741.166,1788314434741.149,109622072668
1540,1147476.381515,51.954972,1544,1511,1788314434774.494,1788314434774.477,109622072668
1541,1147476.414939,51.988396,1545,1512,1788314434807.821,1788314434807.804,109622072668
1542,1147476.448271,52.021728,1546,1513,1788314434841.149,1788314434841.132,109622072668
1543,1147476.481855,52.055312,1547,1514,1788314434874.476,1788314434874.459,109622072668
1544,1147476.514663,52.088120,1548,1515,1788314434907.802,1788314434907.785,109622072668
1545,1147476.548166,52.121623,1549,1516,1788314434941.129,1788314434941.112,109622072668
1546,1147476.581672,52.155129,1550,1517,1788314434974.455,1788314434974.438,109622072668
1547,1147476.615146,52.188603,1551,1518,1788314435007.781,1788314435007.764,109622072668
1548,1147476.648113,52.221570,1552,1519,1788314435041.107,1788314435041.090,109622072668
1549,1147476.681669,52.255125,1553,1520,1788314435074.433,1788314435074.416,109622072668
1550,1147476.714720,52.288177,1554,1521,1788314435107.758,1788314435107.741,109622072668
1551,1147476.748150,52.321606,1555,1522,1788314435141.083,1788314435141.066,109622072668
1552,1147476.781966,52.355422,1556,1523,1788314435174.408,1788314435174.391,109622072668
1553,1147476.815126,52.388583,1557,1524,1788314435207.732,1788314435207.715,109622072668
1554,1147476.848426,52.421883,1558,1525,1788314435241.057,1788314435241.040,109622072668
1555,1147476.882038,52.455495,1559,1526,1788314435274.381,1788314435274.364,109622072668
1556,1147476.915198,52.488655,1560,1527,1788314435307.704,1788314435307.687,109622072668
1557,1147476.948588,52.522045,1561,1528,1788314435341.028,1788314435341.011,109622072668
1558,1147476.981888,52.555345,1562,1529,1788314435374.351,1788314435374.334,109622072668
1559,1147477.015340,52.588797,1563,1530,1788314435407.674,1788314435407.657,109622072668
1560,1147477.048461,52.621918,1564,1531,1788314435440.997,1788314435440.980,109622072668
1561,1147477.081900,52.655357,1565,1532,1788314435474.319,1788314435474.302,109622072668
1562,1147477.115228,52.688684,1566,1533,1788314435507.642,1788314435507.625,109622072668
1563,1147477.148923,52.722380,1567,1534,1788314435540.964,1788314435540.947,109622072668
1564,1147477.182426,52.755883,1568,1535,1788314435574.285,1788314435574.268,109622072668
1565,1147477.215510,52.788967,1569,1536,1788314435607.607,1788314435607.591,109622072668
1566,1147477.249164,52.822621,1570,1537,1788314435640.936,1788314435640.919,109622072668
1567,1147477.282189,52.855646,1571,1538,1788314435674.264,1788314435674.247,109622072668
1568,1147477.315847,52.889304,1572,1539,1788314435707.591,1788314435707.574,109622072668
1569,1147477.349010,52.922467,1573,1540,1788314435740.919,1788314435740.902,109622072668
1570,1147477.382176,52.955633,1574,1541,1788314435774.246,1788314435774.229,109622072668
1571,1147477.415847,52.989304,1575,1542,1788314435807.573,1788314435807.556,109622072668
1572,1147477.448915,53.022371,1576,1543,1788314435840.899,1788314435840.882,109622072668
1573,1147477.482244,53.055701,1577,1544,1788314435874.226,1788314435874.208,109622072668
1574,1147477.515624,53.089081,1578,1545,1788314435907.552,1788314435907.535,109622072668
1575,1147477.548998,53.122455,1579,1546,1788314435940.877,1788314435940.860,109622072668
1576,1147477.582518,53.155975,1580,1547,1788314435974.203,1788314435974.186,109622072668
1577,1147477.615739,53.189196,1581,1548,1788314436007.528,1788314436007.511,109622072668
1578,1147477.648956,53.222412,1582,1549,1788314436040.853,1788314436040.836,109622072668
1579,1147477.682372,53.255829,1583,1550,1788314436074.178,1788314436074.161,109622072668
1580,1147477.715635,53.289092,1584,1551,1788314436107.502,1788314436107.486,109622072668
1581,1147477.749526,53.322982,1585,1552,1788314436140.827,1788314436140.810,109622072668
1582,1147477.782490,53.355947,1586,1553,1788314436174.151,1788314436174.134,109622072668
1583,1147477.815700,53.389157,1587,1554,1788314436207.474,1788314436207.458,109622072668
1584,1147477.849242,53.422699,1588,1555,1788314436240.798,1788314436240.781,109622072668
1585,1147477.882747,53.456203,1589,1556,1788314436274.121,1788314436274.104,109622072668
1586,1147477.915755,53.489212,1590,1557,1788314436307.444,1788314436307.427,109622072668
1587,1147477.949087,53.522544,1591,1558,1788314436340.767,1788314436340.750,109622072668
1588,1147477.982550,53.556006,1592,1559,1788314436374.089,1788314436374.072,109622072668
1589,1147478.015843,53.589300,1593,1560,1788314436407.411,1788314436407.394,109622072668
1590,1147478.049258,53.622715,1594,1561,1788314436440.733,1788314436440.716,109622072668
1591,1147478.082360,53.655817,1595,1562,1788314436474.055,1788314436474.038,109622072668
1592,1147478.115644,53.689101,1596,1563,1788314436507.376,1788314436507.359,109622072668
1593,1147478.148910,53.722366,1597,1564,1788314436540.697,1788314436540.680,109622072668
1594,1147478.182334,53.755791,1598,1565,1788314436574.018,1788314436574.001,109622072668
1595,1147478.215910,53.789367,1599,1566,1788314436607.339,1788314436607.322,109622072668
1596,1147478.249081,53.822538,1600,1567,1788314436640.667,1788314436640.650,109622072668
1597,1147478.282835,53.856292,1601,1568,1788314436673.995,1788314436673.978,109622072668
1598,1147478.315891,53.889347,1602,1569,1788314436707.322,1788314436707.305,109622072668
1599,1147478.349470,53.922927,1603,1570,1788314436740.649,1788314436740.632,109622072668
1600,1147478.383211,53.956667,1604,1571,1788314436773.976,1788314436773.959,109622072668
1601,1147478.416385,53.989842,1605,1572,1788314436807.303,1788314436807.286,109622072668
1602,1147478.449675,54.023132,1606,1573,1788314436840.629,1788314436840.612,109622072668
1603,1147478.483201,54.056658,1607,1574,1788314436873.955,1788314436873.938,109622072668
1604,1147478.516202,54.089659,1608,1575,1788314436907.281,1788314436907.264,109622072668
1605,1147478.549599,54.123056,1609,1576,1788314436940.607,1788314436940.590,109622072668
1606,1147478.582834,54.156291,1610,1577,1788314436973.932,1788314436973.915,109622072668
1607,1147478.616180,54.189636,1611,1578,1788314437007.257,1788314437007.240,109622072668
1608,1147478.649776,54.223232,1612,1579,1788314437040.582,1788314437040.565,109622072668
1609,1147478.683025,54.256482,1613,1580,1788314437073.906,1788314437073.889,109622072668
1610,1147478.716282,54.289739,1614,1581,1788314437107.230,1788314437107.213,109622072668
1611,1147478.749909,54.323366,1615,1582,1788314437140.554,1788314437140.537,109622072668
1612,1147478.783374,54.356831,1616,1583,1788314437173.878,1788314437173.861,109622072668
1613,1147478.816483,54.389939,1617,1584,1788314437207.202,1788314437207.185,109622072668
1614,1147478.849904,54.423361,1618,1585,1788314437240.525,1788314437240.508,109622072668
1615,1147478.883556,54.457013,1619,1586,1788314437273.848,1788314437273.831,109622072668
1616,1147478.916580,54.490036,1620,1587,1788314437307.170,1788314437307.153,109622072668
1617,1147478.949931,54.523388,1621,1588,1788314437340.493,1788314437340.476,109622072668
1618,1147478.983075,54.556532,1622,1589,1788314437373.815,1788314437373.798,109622072668
1619,1147479.016513,54.589970,1623,1590,1788314437407.137,1788314437407.120,109622072668
1620,1147479.049718,54.623174,1624,1591,1788314437440.458,1788314437440.441,109622072668
1621,1147479.083181,54.656637,1625,1592,1788314437473.780,1788314437473.763,109622072668
1622,1147479.116615,54.690072,1626,1593,1788314437507.101,1788314437507.084,109622072668
1623,1147479.149823,54.723280,1627,1594,1788314437540.422,1788314437540.405,109622072668
1624,1147479.183093,54.756550,1628,1595,1788314437573.742,1788314437573.725,109622072668
1625,1147479.216403,54.789860,1629,1596,1788314437607.063,1788314437607.046,109622072668
1626,1147479.250081,54.823538,1630,1597,1788314437640.433,1788314437640.417,109622072668
1627,1147479.283493,54.856950,1631,1598,1788314437673.804,1788314437673.787,109622072668
1628,1147479.316499,54.889956,1632,1599,1788314437707.175,1788314437707.158,109622072668
1629,1147479.350132,54.923589,1633,1600,1788314437740.547,1788314437740.530,109622072668
1630,1147479.383222,54.956679,1634,1601,1788314437773.918,1788314437773.901,109622072668
1631,1147479.416657,54.990114,1635,1602,1788314437807.290,1788314437807.273,109622072668
1632,1147479.449805,55.023262,1636,1603,1788314437840.662,1788314437840.646,109622072668
1633,1147479.483306,55.056763,1637,1604,1788314437874.035,1788314437874.018,109622072668
1634,1147479.516725,55.090181,1638,1605,1788314437907.408,1788314437907.391,109622072668
1635,1147479.549996,55.123453,1639,1606,1788314437940.781,1788314437940.764,109622072668
1636,1147479.583669,55.157126,1640,1607,1788314437974.154,1788314437974.137,109622072668
1637,1147479.617170,55.190627,1641,1608,1788314438007.528,1788314438007.511,109622072668
1638,1147479.650077,55.223534,1642,1609,1788314438040.902,1788314438040.885,109622072668
1639,1147479.683707,55.257163,1643,1610,1788314438074.276,1788314438074.260,109622072668
1640,1147479.717037,55.290494,1644,1611,1788314438107.651,1788314438107.634,109622072668
1641,1147479.750414,55.323871,1645,1612,1788314438141.026,1788314438141.009,109622072668
1642,1147479.783930,55.357387,1646,1613,1788314438174.401,1788314438174.384,109622072668
1643,1147479.817192,55.390649,1647,1614,1788314438207.777,1788314438207.760,109622072668
1644,1147479.850517,55.423974,1648,1615,1788314438241.153,1788314438241.135,109622072668
1645,1147479.884054,55.457511,1649,1616,1788314438274.529,1788314438274.512,109622072668
1646,1147479.917392,55.490848,1650,1617,1788314438307.905,1788314438307.888,109622072668
1647,1147479.950690,55.524146,1651,1618,1788314438341.282,1788314438341.265,109622072668
1648,1147479.983931,55.557387,1652,1619,1788314438374.659,1788314438374.642,109622072668
1649,1147480.016951,55.590408,1653,1620,1788314438408.036,1788314438408.019,109622072668
1650,1147480.050214,55.623671,1654,1621,1788314438441.414,1788314438441.397,109622072668
1651,1147480.083652,55.657109,1655,1622,1788314438474.792,1788314438474.775,109622072668
1652,1147480.117143,55.690599,1656,1623,1788314438508.170,1788314438508.153,109622072668
1653,1147480.150405,55.723862,1657,1624,1788314438541.548,1788314438541.531,109622072668
1654,1147480.183841,55.757298,1658,1625,1788314438574.927,1788314438574.910,109622072668
1655,1147480.217449,55.790906,1659,1626,1788314438608.305,1788314438608.288,109622072668
1656,1147480.250780,55.824237,1660,1627,1788314438641.641,1788314438641.624,109622072668
1657,1147480.284626,55.858083,1661,1628,1788314438674.976,1788314438674.959,109622072668
1658,1147480.317611,55.891068,1662,1629,1788314438708.311,1788314438708.294,109622072668
1659,1147480.351147,55.924604,1663,1630,1788314438741.646,1788314438741.629,109622072668
1660,1147480.384359,55.957815,1664,1631,1788314438774.980,1788314438774.963,109622072668
1661,1147480.417659,55.991116,1665,1632,1788314438808.315,1788314438808.298,109622072668
1662,1147480.451023,56.024479,1666,1633,1788314438841.649,1788314438841.632,109622072668
1663,1147480.484209,56.057665,1667,1634,1788314438874.983,1788314438874.966,109622072668
1664,1147480.517616,56.091072,1668,1635,1788314438908.317,1788314438908.300,109622072668
1665,1147480.551149,56.124606,1669,1636,1788314438941.650,1788314438941.634,109622072668
1666,1147480.584329,56.157786,1670,1637,1788314438974.984,1788314438974.967,109622072668
1667,1147480.617686,56.191143,1671,1638,1788314439008.317,1788314439008.300,109622072668
1668,1147480.650948,56.224405,1672,1639,1788314439041.650,1788314439041.633,109622072668
1669,1147480.684473,56.257930,1673,1640,1788314439074.983,1788314439074.966,109622072668
1670,1147480.717676,56.291133,1674,1641,1788314439108.316,1788314439108.299,109622072668
1671,1147480.751176,56.324633,1675,1642,1788314439141.648,1788314439141.631,109622072668
1672,1147480.784626,56.358083,1676,1643,1788314439174.980,1788314439174.963,109622072668
1673,1147480.817971,56.391427,1677,1644,1788314439208.312,1788314439208.295,109622072668
1674,1147480.851213,56.424670,1678,1645,1788314439241.644,1788314439241.627,109622072668
1675,1147480.884922,56.458379,1679,1646,1788314439274.976,1788314439274.959,109622072668
1676,1147480.917934,56.491391,1680,1647,1788314439308.307,1788314439308.290,109622072668
1677,1147480.951466,56.524923,1681,1648,1788314439341.639,1788314439341.622,109622072668
1678,1147480.984728,56.558185,1682,1649,1788314439374.970,1788314439374.953,109622072668
1679,1147481.018228,56.591685,1683,1650,1788314439408.301,1788314439408.284,109622072668
1680,1147481.051503,56.624960,1684,1651,1788314439441.631,1788314439441.614,109622072668
1681,1147481.084610,56.658067,1685,1652,1788314439474.962,1788314439474.945,109622072668
1682,1147481.117764,56.691220,1686,1653,1788314439508.292,1788314439508.275,109622072668
1683,1147481.151123,56.724580,1687,1654,1788314439541.622,1788314439541.605,109622072668
1684,1147481.184395,56.757852,1688,1655,1788314439574.952,1788314439574.935,109622072668
1685,1147481.217795,56.791252,1689,1656,1788314439608.282,1788314439608.265,109622072668
1686,1147481.251098,56.824554,1690,1657,1788314439641.661,1788314439641.644,109622072668
1687,1147481.284590,56.858047,1691,1658,1788314439675.040,1788314439675.022,109622072668
1688,1147481.318064,56.891521,1692,1659,1788314439708.419,1788314439708.402,109622072668
1689,1147481.351380,56.924837,1693,1660,1788314439741.798,1788314439741.781,109622072668
1690,1147481.384968,56.958424,1694,1661,1788314439775.178,1788314439775.161,109622072668
1691,1147481.418101,56.991558,1695,1662,1788314439808.559,1788314439808.542,109622072668
1692,1147481.451869,57.025326,1696,1663,1788314439841.939,1788314439841.922,109622072668
1693,1147481.485233,57.058689,1697,1664,1788314439875.321,1788314439875.303,109622072668
1694,1147481.518418,57.091874,1698,1665,1788314439908.702,1788314439908.685,109622072668
1695,1147481.551691,57.125148,1699,1666,1788314439942.084,1788314439942.067,109622072668
1696,1147481.584681,57.158138,1700,1667,1788314439975.466,1788314439975.449,109622072668
1697,1147481.618126,57.191583,1701,1668,1788314440008.849,1788314440008.832,109622072668
1698,1147481.651512,57.224968,1702,1669,1788314440042.232,1788314440042.215,109622072668
1699,1147481.684942,57.258398,1703,1670,1788314440075.615,1788314440075.598,109622072668
1700,1147481.718197,57.291654,1704,1671,1788314440108.999,1788314440108.982,109622072668
1701,1147481.751620,57.325077,1705,1672,1788314440142.383,1788314440142.366,109622072668
1702,1147481.785020,57.358477,1706,1673,1788314440175.768,1788314440175.750,109622072668
1703,1147481.818626,57.392083,1707,1674,1788314440209.153,1788314440209.135,109622072668
1704,1147481.852128,57.425585,1708,1675,1788314440242.538,1788314440242.521,109622072668
1705,1147481.885346,57.458803,1709,1676,1788314440275.923,1788314440275.906,109622072668
1706,1147481.918563,57.492020,1710,1677,1788314440309.309,1788314440309.292,109622072668
1707,1147481.952086,57.525543,1711,1678,1788314440342.696,1788314440342.679,109622072668
1708,1147481.984922,57.558379,1712,1679,1788314440376.083,1788314440376.065,109622072668
1709,1147482.018401,57.591858,1713,1680,1788314440409.470,1788314440409.453,109622072668
1710,1147482.051736,57.625192,1714,1681,1788314440442.857,1788314440442.840,109622072668
1711,1147482.085365,57.658822,1715,1682,1788314440476.245,1788314440476.228,109622072668
1712,1147482.119765,57.693221,1716,1683,1788314440509.633,1788314440509.616,109622072668
1713,1147482.152594,57.726051,1717,1684,1788314440543.022,1788314440543.005,109622072668
1714,1147482.185533,57.758990,1718,1685,1788314440576.411,1788314440576.394,109622072668
1715,1147482.219854,57.793311,1719,1686,1788314440609.800,1788314440609.782,109622072668
1716,1147482.252828,57.826284,1720,1687,1788314440643.144,1788314440643.127,109622072668
1717,1147482.285750,57.859207,1721,1688,1788314440676.489,1788314440676.472,109622072668
1718,1147482.319497,57.892954,1722,1689,1788314440709.833,1788314440709.816,109622072668
1719,1147482.352655,57.926112,1723,1690,1788314440743.177,1788314440743.160,109622072668
1720,1147482.386222,57.959679,1724,1691,1788314440776.521,1788314440776.505,109622072668
1721,1147482.419906,57.993363,1725,1692,1788314440809.866,1788314440809.849,109622072668
1722,1147482.452877,58.026334,1726,1693,1788314440843.210,1788314440843.193,109622072668
1723,1147482.486378,58.059835,1727,1694,1788314440876.553,1788314440876.536,109622072668
1724,1147482.519802,58.093259,1728,1695,1788314440909.897,1788314440909.880,109622072668
1725,1147482.552790,58.126247,1729,1696,1788314440943.241,1788314440943.224,109622072668
1726,1147482.586153,58.159610,1730,1697,1788314440976.584,1788314440976.567,109622072668
1727,1147482.619548,58.193004,1731,1698,1788314441009.927,1788314441009.911,109622072668
1728,1147482.653217,58.226674,1732,1699,1788314441043.271,1788314441043.254,109622072668
1729,1147482.686346,58.259803,1733,1700,1788314441076.614,1788314441076.597,109622072668
1730,1147482.719509,58.292966,1734,1701,1788314441109.957,1788314441109.940,109622072668
1731,1147482.753082,58.326539,1735,1702,1788314441143.300,1788314441143.283,109622072668
1732,1147482.787091,58.360548,1736,1703,1788314441176.643,1788314441176.625,109622072668
1733,1147482.820634,58.394091,1737,1704,1788314441209.985,1788314441209.968,109622072668
1734,1147482.853243,58.426699,1738,1705,1788314441243.328,1788314441243.311,109622072668
1735,1147482.886527,58.459984,1739,1706,1788314441276.670,1788314441276.653,109622072668
1736,1147482.920174,58.493631,1740,1707,1788314441310.012,1788314441309.995,109622072668
1737,1147482.953090,58.526546,1741,1708,1788314441343.354,1788314441343.337,109622072668
1738,1147482.986790,58.560247,1742,1709,1788314441376.697,1788314441376.679,109622072668
1739,1147483.020103,58.593560,1743,1710,1788314441410.038,1788314441410.021,109622072668
1740,1147483.053184,58.626640,1744,1711,1788314441443.380,1788314441443.363,109622072668
1741,1147483.086669,58.660125,1745,1712,1788314441476.722,1788314441476.705,109622072668
1742,1147483.119784,58.693241,1746,1713,1788314441510.063,1788314441510.046,109622072668
1743,1147483.153295,58.726751,1747,1714,1788314441543.405,1788314441543.388,109622072668
1744,1147483.186539,58.759996,1748,1715,1788314441576.746,1788314441576.729,109622072668
1745,1147483.219932,58.793389,1749,1716,1788314441610.088,1788314441610.071,109622072668
1746,1147483.253210,58.826667,1750,1717,1788314441643.439,1788314441643.422,109622072668
1747,1147483.286586,58.860042,1751,1718,1788314441676.858,1788314441676.841,109622072668
1748,1147483.319850,58.893307,1752,1719,1788314441710.278,1788314441710.261,109622072668
1749,1147483.353217,58.926674,1753,1720,1788314441743.698,1788314441743.681,109622072668
1750,1147483.386812,58.960268,1754,1721,1788314441777.118,1788314441777.101,109622072668
1751,1147483.419985,58.993442,1755,1722,1788314441810.539,1788314441810.522,109622072668
1752,1147483.453674,59.027130,1756,1723,1788314441843.960,1788314441843.943,109622072668
1753,1147483.486801,59.060258,1757,1724,1788314441877.382,1788314441877.365,109622072668
1754,1147483.520039,59.093496,1758,1725,1788314441910.804,1788314441910.787,109622072668
1755,1147483.553490,59.126947,1759,1726,1788314441944.226,1788314441944.209,109622072668
1756,1147483.586502,59.159959,1760,1727,1788314441977.649,1788314441977.632,109622072668
1757,1147483.619737,59.193193,1761,1728,1788314442011.072,1788314442011.055,109622072668
1758,1147483.652921,59.226378,1762,1729,1788314442044.495,1788314442044.478,109622072668
1759,1147483.686631,59.260088,1763,1730,1788314442077.919,1788314442077.902,109622072668
1760,1147483.720243,59.293700,1764,1731,1788314442111.343,1788314442111.326,109622072668
1761,1147483.753583,59.327040,1765,1732,1788314442144.767,1788314442144.750,109622072668
1762,1147483.786836,59.360293,1766,1733,1788314442178.192,1788314442178.175,109622072668
1763,1147483.820264,59.393721,1767,1734,1788314442211.617,1788314442211.600,109622072668
1764,1147483.853874,59.427331,1768,1735,1788314442245.043,1788314442245.026,109622072668
1765,1147483.887048,59.460505,1769,1736,1788314442278.469,1788314442278.452,109622072668
1766,1147483.920259,59.493716,1770,1737,1788314442311.895,1788314442311.878,109622072668
1767,1147483.953692,59.527149,1771,1738,1788314442345.322,1788314442345.304,109622072668
1768,1147483.987035,59.560492,1772,1739,1788314442378.749,1788314442378.731,109622072668
1769,1147484.020508,59.593965,1773,1740,1788314442412.176,1788314442412.159,109622072668
1770,1147484.053525,59.626982,1774,1741,1788314442445.604,1788314442445.586,109622072668
1771,1147484.086941,59.660398,1775,1742,1788314442479.031,1788314442479.014,109622072668
1772,1147484.119803,59.693260,1776,1743,1788314442512.460,1788314442512.443,109622072668
1773,1147484.153248,59.726704,1777,1744,1788314442545.889,1788314442545.872,109622072668
1774,1147484.187198,59.760655,1778,1745,1788314442579.318,1788314442579.301,109622072668
1775,1147484.220556,59.794013,1779,1746,1788314442612.747,1788314442612.730,109622072668
1776,1147484.254147,59.827604,1780,1747,1788314442646.175,1788314442646.158,109622072668
1777,1147484.287430,59.860887,1781,1748,1788314442679.554,1788314442679.537,109622072668
1778,1147484.320773,59.894230,1782,1749,1788314442712.932,1788314442712.915,109622072668
1779,1147484.354017,59.927473,1783,1750,1788314442746.311,1788314442746.294,109622072668
1780,1147484.387528,59.960985,1784,1751,1788314442779.690,1788314442779.673,109622072668
1781,1147484.421170,59.994627,1785,1752,1788314442813.070,1788314442813.053,109622072668
1782,1147484.454626,60.028083,1786,1753,1788314442846.450,1788314442846.433,109622072668
